DateTime,total
2020-07-02 00:00:00+00:00,2743.667627
2020-07-02 00:05:00+00:00,2787.231326
2020-07-02 00:10:00+00:00,2818.577246
2020-07-02 00:15:00+00:00,2837.510131
2020-07-02 00:20:00+00:00,2862.641219
2020-07-02 00:25:00+00:00,2892.144379
2020-07-02 00:30:00+00:00,2914.011084
2020-07-02 00:35:00+00:00,2938.474834
2020-07-02 00:40:00+00:00,2964.525975
2020-07-02 00:45:00+00:00,2992.570485
2020-07-02 00:50:00+00:00,3027.606399
2020-07-02 00:55:00+00:00,3071.310686
2020-07-02 01:00:00+00:00,3122.807847
2020-07-02 01:05:00+00:00,3171.884542
2020-07-02 01:10:00+00:00,3210.172588
2020-07-02 01:15:00+00:00,3238.894613
2020-07-02 01:20:00+00:00,3261.164229
2020-07-02 01:25:00+00:00,3274.206913
2020-07-02 01:30:00+00:00,3278.626366
2020-07-02 01:35:00+00:00,3278.980697
2020-07-02 01:40:00+00:00,3268.571071
2020-07-02 01:45:00+00:00,3251.8371
2020-07-02 01:50:00+00:00,3237.400074
2020-07-02 01:55:00+00:00,3222.973356
2020-07-02 02:00:00+00:00,3215.152623
2020-07-02 02:05:00+00:00,3224.597614
2020-07-02 02:10:00+00:00,3225.240712
2020-07-02 02:15:00+00:00,3226.751614
2020-07-02 02:20:00+00:00,3252.858772
2020-07-02 02:25:00+00:00,3267.692201
2020-07-02 02:30:00+00:00,3277.040087
2020-07-02 02:35:00+00:00,3317.941897
2020-07-02 02:40:00+00:00,3358.307014
2020-07-02 02:45:00+00:00,3394.188842
2020-07-02 02:50:00+00:00,3432.334377
2020-07-02 02:55:00+00:00,3458.112605
2020-07-02 03:00:00+00:00,3478.042876
2020-07-02 03:05:00+00:00,3498.62104
2020-07-02 03:10:00+00:00,3519.271499
2020-07-02 03:15:00+00:00,3539.292805
2020-07-02 03:20:00+00:00,3552.079364
2020-07-02 03:25:00+00:00,3558.732923
2020-07-02 03:30:00+00:00,3561.742945
2020-07-02 03:35:00+00:00,3554.170083
2020-07-02 03:40:00+00:00,3532.274689
2020-07-02 03:45:00+00:00,3507.109476
2020-07-02 03:50:00+00:00,3487.163567
2020-07-02 03:55:00+00:00,3466.164147
2020-07-02 04:00:00+00:00,3446.165253
2020-07-02 04:05:00+00:00,3429.933254
2020-07-02 04:10:00+00:00,3405.764685
2020-07-02 04:15:00+00:00,3377.922933
2020-07-02 04:20:00+00:00,3360.754685
2020-07-02 04:25:00+00:00,3348.849559
2020-07-02 04:30:00+00:00,3335.018081
2020-07-02 04:35:00+00:00,3326.816067
2020-07-02 04:40:00+00:00,3326.231643
2020-07-02 04:45:00+00:00,3324.967222
2020-07-02 04:50:00+00:00,3325.547381
2020-07-02 04:55:00+00:00,3323.111948
2020-07-02 05:00:00+00:00,3324.33932
2020-07-02 05:05:00+00:00,3321.843056
2020-07-02 05:10:00+00:00,3316.400305
2020-07-02 05:15:00+00:00,3310.80119
2020-07-02 05:20:00+00:00,3308.744895
2020-07-02 05:25:00+00:00,3312.022026
2020-07-02 05:30:00+00:00,3318.710068
2020-07-02 05:35:00+00:00,3317.555485
2020-07-02 05:40:00+00:00,3314.83221
2020-07-02 05:45:00+00:00,3317.307977
2020-07-02 05:50:00+00:00,3321.140303
2020-07-02 05:55:00+00:00,3326.750924
2020-07-02 06:00:00+00:00,3336.092285
2020-07-02 06:05:00+00:00,3348.994267
2020-07-02 06:10:00+00:00,3359.737774
2020-07-02 06:15:00+00:00,3363.718703
2020-07-02 06:20:00+00:00,3361.576539
2020-07-02 06:25:00+00:00,3355.69017
2020-07-02 06:30:00+00:00,3344.893427
2020-07-02 06:35:00+00:00,3335.038625
2020-07-02 06:40:00+00:00,3328.102375
2020-07-02 06:45:00+00:00,3315.436467
2020-07-02 06:50:00+00:00,3289.920176
2020-07-02 06:55:00+00:00,3262.776648
2020-07-02 07:00:00+00:00,3244.293098
2020-07-02 07:05:00+00:00,3226.542617
2020-07-02 07:10:00+00:00,3212.084057
2020-07-02 07:15:00+00:00,3196.973561
2020-07-02 07:20:00+00:00,3179.023303
2020-07-02 07:25:00+00:00,3161.473374
2020-07-02 07:30:00+00:00,3146.930143
2020-07-02 07:35:00+00:00,3137.972397
2020-07-02 07:40:00+00:00,3127.925406
2020-07-02 07:45:00+00:00,3121.427042
2020-07-02 07:50:00+00:00,3115.260609
2020-07-02 07:55:00+00:00,3110.493596
2020-07-02 08:00:00+00:00,3105.273043
2020-07-02 08:05:00+00:00,3105.637003
2020-07-02 08:10:00+00:00,3111.468544
2020-07-02 08:15:00+00:00,3115.62634
2020-07-02 08:20:00+00:00,3114.775884
2020-07-02 08:25:00+00:00,3111.752008
2020-07-02 08:30:00+00:00,3108.45733
2020-07-02 08:35:00+00:00,3104.911422
2020-07-02 08:40:00+00:00,3101.446659
2020-07-02 08:45:00+00:00,3090.193856
2020-07-02 08:50:00+00:00,3069.601475
2020-07-02 08:55:00+00:00,3044.430456
2020-07-02 09:00:00+00:00,3014.790076
2020-07-02 09:05:00+00:00,2984.605642
2020-07-02 09:10:00+00:00,2964.548197
2020-07-02 09:15:00+00:00,2949.668898
2020-07-02 09:20:00+00:00,2934.219161
2020-07-02 09:25:00+00:00,2918.640065
2020-07-02 09:30:00+00:00,2907.687562
2020-07-02 09:35:00+00:00,2894.26619
2020-07-02 09:40:00+00:00,2880.007123
2020-07-02 09:45:00+00:00,2862.312134
2020-07-02 09:50:00+00:00,2845.082531
2020-07-02 09:55:00+00:00,2834.427576
2020-07-02 10:00:00+00:00,2820.654619
2020-07-02 10:05:00+00:00,2796.300357
2020-07-02 10:10:00+00:00,2769.614103
2020-07-02 10:15:00+00:00,2743.362244
2020-07-02 10:20:00+00:00,2714.736187
2020-07-02 10:25:00+00:00,2677.920598
2020-07-02 10:30:00+00:00,2639.314142
2020-07-02 10:35:00+00:00,2601.539722
2020-07-02 10:40:00+00:00,2565.679923
2020-07-02 10:45:00+00:00,2534.106515
2020-07-02 10:50:00+00:00,2510.094991
2020-07-02 10:55:00+00:00,2486.051504
2020-07-02 11:00:00+00:00,2453.383196
2020-07-02 11:05:00+00:00,2429.451443
2020-07-02 11:10:00+00:00,2414.407696
2020-07-02 11:15:00+00:00,2401.117001
2020-07-02 11:20:00+00:00,2383.887816
2020-07-02 11:25:00+00:00,2364.309321
2020-07-02 11:30:00+00:00,2348.155533
2020-07-02 11:35:00+00:00,2333.37626
2020-07-02 11:40:00+00:00,2320.49354
2020-07-02 11:45:00+00:00,2308.231598
2020-07-02 11:50:00+00:00,2294.604163
2020-07-02 11:55:00+00:00,2275.877884
2020-07-02 12:00:00+00:00,2251.958423
2020-07-02 12:05:00+00:00,2229.428737
2020-07-02 12:10:00+00:00,2212.343515
2020-07-02 12:15:00+00:00,2203.328937
2020-07-02 12:20:00+00:00,2194.702863
2020-07-02 12:25:00+00:00,2180.821789
2020-07-02 12:30:00+00:00,2160.785149
2020-07-02 12:35:00+00:00,2136.430678
2020-07-02 12:40:00+00:00,2119.20659
2020-07-02 12:45:00+00:00,2109.950394
2020-07-02 12:50:00+00:00,2104.11793
2020-07-02 12:55:00+00:00,2093.479515
2020-07-02 13:00:00+00:00,2083.022411
2020-07-02 13:05:00+00:00,2072.948854
2020-07-02 13:10:00+00:00,2053.70277
2020-07-02 13:15:00+00:00,2033.808921
2020-07-02 13:20:00+00:00,2015.480905
2020-07-02 13:25:00+00:00,1998.698977
2020-07-02 13:30:00+00:00,1983.227803
2020-07-02 13:35:00+00:00,1960.588339
2020-07-02 13:40:00+00:00,1934.289297
2020-07-02 13:45:00+00:00,1910.221713
2020-07-02 13:50:00+00:00,1879.278457
2020-07-02 13:55:00+00:00,1855.069676
2020-07-02 14:00:00+00:00,1833.168331
2020-07-02 14:05:00+00:00,1802.425469
2020-07-02 14:10:00+00:00,1780.543267
2020-07-02 14:15:00+00:00,1753.294487
2020-07-02 14:20:00+00:00,1715.597633
2020-07-02 14:25:00+00:00,1691.600858
2020-07-02 14:30:00+00:00,1674.262979
2020-07-02 14:35:00+00:00,1646.400592
2020-07-02 14:40:00+00:00,1614.927843
2020-07-02 14:45:00+00:00,1584.074098
2020-07-02 14:50:00+00:00,1504.096996
2020-07-02 14:55:00+00:00,1468.48392
2020-07-02 15:00:00+00:00,1445.123237
2020-07-02 15:05:00+00:00,1421.733518
2020-07-02 15:10:00+00:00,1403.832137
2020-07-02 15:15:00+00:00,1387.231327
2020-07-02 15:20:00+00:00,1368.422498
2020-07-02 15:25:00+00:00,1345.657233
2020-07-02 15:30:00+00:00,1319.210337
2020-07-02 15:35:00+00:00,1300.06871
2020-07-02 15:40:00+00:00,1284.065887
2020-07-02 15:45:00+00:00,1268.028305
2020-07-02 15:50:00+00:00,1252.623256
2020-07-02 15:55:00+00:00,1235.810817
2020-07-02 16:00:00+00:00,1221.68226
2020-07-02 16:05:00+00:00,1210.588022
2020-07-02 16:10:00+00:00,1202.640376
2020-07-02 16:15:00+00:00,1202.555747
2020-07-02 16:20:00+00:00,1206.466614
2020-07-02 16:25:00+00:00,1212.138266
2020-07-02 16:30:00+00:00,1214.922749
2020-07-02 16:35:00+00:00,1210.83518
2020-07-02 16:40:00+00:00,1203.797606
2020-07-02 16:45:00+00:00,1199.312076
2020-07-02 16:50:00+00:00,1200.82824
2020-07-02 16:55:00+00:00,1205.501908
2020-07-02 17:00:00+00:00,1208.079699
2020-07-02 17:05:00+00:00,1202.787815
2020-07-02 17:10:00+00:00,1201.563267
2020-07-02 17:15:00+00:00,1206.196714
2020-07-02 17:20:00+00:00,1211.722291
2020-07-02 17:25:00+00:00,1220.309581
2020-07-02 17:30:00+00:00,1234.390526
2020-07-02 17:35:00+00:00,1246.960895
2020-07-02 17:40:00+00:00,1256.78204
2020-07-02 17:45:00+00:00,1264.198647
2020-07-02 17:50:00+00:00,1264.511145
2020-07-02 17:55:00+00:00,1265.438946
2020-07-02 18:00:00+00:00,1270.405223
2020-07-02 18:05:00+00:00,1276.898366
2020-07-02 18:10:00+00:00,1286.168053
2020-07-02 18:15:00+00:00,1299.207043
2020-07-02 18:20:00+00:00,1311.613302
2020-07-02 18:25:00+00:00,1319.590171
2020-07-02 18:30:00+00:00,1326.161024
2020-07-02 18:35:00+00:00,1338.649992
2020-07-02 18:40:00+00:00,1354.514244
2020-07-02 18:45:00+00:00,1367.906066
2020-07-02 18:50:00+00:00,1377.444732
2020-07-02 18:55:00+00:00,1386.544001
2020-07-02 19:00:00+00:00,1402.010845
2020-07-02 19:05:00+00:00,1419.173513
2020-07-02 19:10:00+00:00,1432.809301
2020-07-02 19:15:00+00:00,1446.585334
2020-07-02 19:20:00+00:00,1469.077061
2020-07-02 19:25:00+00:00,1498.057897
2020-07-02 19:30:00+00:00,1531.8022
2020-07-02 19:35:00+00:00,1565.436352
2020-07-02 19:40:00+00:00,1594.352092
2020-07-02 19:45:00+00:00,1617.453567
2020-07-02 19:50:00+00:00,1637.830888
2020-07-02 19:55:00+00:00,1659.683008
2020-07-02 20:00:00+00:00,1681.808192
2020-07-02 20:05:00+00:00,1701.324129
2020-07-02 20:10:00+00:00,1715.75282
2020-07-02 20:15:00+00:00,1726.027681
2020-07-02 20:20:00+00:00,1743.457516
2020-07-02 20:25:00+00:00,1772.413215
2020-07-02 20:30:00+00:00,1806.083165
2020-07-02 20:35:00+00:00,1834.654035
2020-07-02 20:40:00+00:00,1859.101381
2020-07-02 20:45:00+00:00,1885.093983
2020-07-02 20:50:00+00:00,1916.095814
2020-07-02 20:55:00+00:00,1948.423456
2020-07-02 21:00:00+00:00,1978.172592
2020-07-02 21:05:00+00:00,2010.223943
2020-07-02 21:10:00+00:00,2047.953996
2020-07-02 21:15:00+00:00,2083.897568
2020-07-02 21:20:00+00:00,2119.063803
2020-07-02 21:25:00+00:00,2154.649151
2020-07-02 21:30:00+00:00,2189.771358
2020-07-02 21:35:00+00:00,2229.109745
2020-07-02 21:40:00+00:00,2271.756926
2020-07-02 21:45:00+00:00,2311.279814
2020-07-02 21:50:00+00:00,2347.214041
2020-07-02 21:55:00+00:00,2374.05854
2020-07-02 22:00:00+00:00,2392.511013
2020-07-02 22:05:00+00:00,2414.245
2020-07-02 22:10:00+00:00,2442.339554
2020-07-02 22:15:00+00:00,2476.335645
2020-07-02 22:20:00+00:00,2516.200066
2020-07-02 22:25:00+00:00,2554.767957
2020-07-02 22:30:00+00:00,2593.459906
2020-07-02 22:35:00+00:00,2642.501035
2020-07-02 22:40:00+00:00,2691.659489
2020-07-02 22:45:00+00:00,2733.615358
2020-07-02 22:50:00+00:00,2769.678282
2020-07-02 22:55:00+00:00,2799.925995
2020-07-02 23:00:00+00:00,2821.722497
2020-07-02 23:05:00+00:00,2841.83198
2020-07-02 23:10:00+00:00,2865.326334
2020-07-02 23:15:00+00:00,2895.4647
2020-07-02 23:20:00+00:00,2935.235086
2020-07-02 23:25:00+00:00,2963.71432
2020-07-02 23:30:00+00:00,2980.276424
2020-07-02 23:35:00+00:00,2996.144901
2020-07-02 23:40:00+00:00,3016.887549
2020-07-02 23:45:00+00:00,3043.395499
2020-07-02 23:50:00+00:00,3065.833813
2020-07-02 23:55:00+00:00,3085.667485
2020-07-03 00:00:00+00:00,3102.407351
2020-07-03 00:05:00+00:00,3123.714544
2020-07-03 00:10:00+00:00,3149.005748
2020-07-03 00:15:00+00:00,3173.536064
2020-07-03 00:20:00+00:00,3202.681058
2020-07-03 00:25:00+00:00,3228.02485
2020-07-03 00:30:00+00:00,3247.811678
2020-07-03 00:35:00+00:00,3273.209249
2020-07-03 00:40:00+00:00,3297.359126
2020-07-03 00:45:00+00:00,3311.017264
2020-07-03 00:50:00+00:00,3327.304052
2020-07-03 00:55:00+00:00,3341.966189
2020-07-03 01:00:00+00:00,3349.08614
2020-07-03 01:05:00+00:00,3356.203916
2020-07-03 01:10:00+00:00,3359.107332
2020-07-03 01:15:00+00:00,3363.536459
2020-07-03 01:20:00+00:00,3379.391687
2020-07-03 01:25:00+00:00,3395.396579
2020-07-03 01:30:00+00:00,3403.935071
2020-07-03 01:35:00+00:00,3407.704303
2020-07-03 01:40:00+00:00,3406.510374
2020-07-03 01:45:00+00:00,3400.327149
2020-07-03 01:50:00+00:00,3402.68001
2020-07-03 01:55:00+00:00,3405.920001
2020-07-03 02:00:00+00:00,3404.545172
2020-07-03 02:05:00+00:00,3403.160069
2020-07-03 02:10:00+00:00,3395.266863
2020-07-03 02:15:00+00:00,3385.746673
2020-07-03 02:20:00+00:00,3403.361707
2020-07-03 02:25:00+00:00,3413.833191
2020-07-03 02:30:00+00:00,3427.643137
2020-07-03 02:35:00+00:00,3463.678742
2020-07-03 02:40:00+00:00,3496.978931
2020-07-03 02:45:00+00:00,3521.756032
2020-07-03 02:50:00+00:00,3546.487411
2020-07-03 02:55:00+00:00,3566.210669
2020-07-03 03:00:00+00:00,3586.253256
2020-07-03 03:05:00+00:00,3606.231339
2020-07-03 03:10:00+00:00,3620.249456
2020-07-03 03:15:00+00:00,3632.974988
2020-07-03 03:20:00+00:00,3646.965331
2020-07-03 03:25:00+00:00,3657.216837
2020-07-03 03:30:00+00:00,3660.239426
2020-07-03 03:35:00+00:00,3651.076266
2020-07-03 03:40:00+00:00,3638.085566
2020-07-03 03:45:00+00:00,3615.443169
2020-07-03 03:50:00+00:00,3582.199501
2020-07-03 03:55:00+00:00,3537.603372
2020-07-03 04:00:00+00:00,3500.140995
2020-07-03 04:05:00+00:00,3463.503279
2020-07-03 04:10:00+00:00,3425.597493
2020-07-03 04:15:00+00:00,3393.344062
2020-07-03 04:20:00+00:00,3368.006736
2020-07-03 04:25:00+00:00,3345.110037
2020-07-03 04:30:00+00:00,3320.946379
2020-07-03 04:35:00+00:00,3288.729223
2020-07-03 04:40:00+00:00,3241.871562
2020-07-03 04:45:00+00:00,3208.921037
2020-07-03 04:50:00+00:00,3182.118958
2020-07-03 04:55:00+00:00,3155.09085
2020-07-03 05:00:00+00:00,3119.456978
2020-07-03 05:05:00+00:00,3083.284266
2020-07-03 05:10:00+00:00,3055.804335
2020-07-03 05:15:00+00:00,3043.238048
2020-07-03 05:20:00+00:00,3045.31064
2020-07-03 05:25:00+00:00,3060.501019
2020-07-03 05:30:00+00:00,3072.908243
2020-07-03 05:35:00+00:00,3063.985639
2020-07-03 05:40:00+00:00,3044.729261
2020-07-03 05:45:00+00:00,3028.262342
2020-07-03 05:50:00+00:00,3020.828006
2020-07-03 05:55:00+00:00,3007.196978
2020-07-03 06:00:00+00:00,2990.201219
2020-07-03 06:05:00+00:00,2972.862795
2020-07-03 06:10:00+00:00,2949.138371
2020-07-03 06:15:00+00:00,2924.342965
2020-07-03 06:20:00+00:00,2898.814178
2020-07-03 06:25:00+00:00,2880.750978
2020-07-03 06:30:00+00:00,2868.719756
2020-07-03 06:35:00+00:00,2859.22006
2020-07-03 06:40:00+00:00,2846.757716
2020-07-03 06:45:00+00:00,2830.42522
2020-07-03 06:50:00+00:00,2809.841947
2020-07-03 06:55:00+00:00,2778.613505
2020-07-03 07:00:00+00:00,2740.193183
2020-07-03 07:05:00+00:00,2704.442989
2020-07-03 07:10:00+00:00,2675.940704
2020-07-03 07:15:00+00:00,2651.811473
2020-07-03 07:20:00+00:00,2634.790178
2020-07-03 07:25:00+00:00,2625.68362
2020-07-03 07:30:00+00:00,2633.651767
2020-07-03 07:35:00+00:00,2632.026322
2020-07-03 07:40:00+00:00,2624.95544
2020-07-03 07:45:00+00:00,2623.973114
2020-07-03 07:50:00+00:00,2633.964486
2020-07-03 07:55:00+00:00,2641.784368
2020-07-03 08:00:00+00:00,2638.333614
2020-07-03 08:05:00+00:00,2626.297743
2020-07-03 08:10:00+00:00,2606.580697
2020-07-03 08:15:00+00:00,2562.646357
2020-07-03 08:20:00+00:00,2507.650507
2020-07-03 08:25:00+00:00,2450.599481
2020-07-03 08:30:00+00:00,2392.308578
2020-07-03 08:35:00+00:00,2343.65028
2020-07-03 08:40:00+00:00,2306.365409
2020-07-03 08:45:00+00:00,2279.113423
2020-07-03 08:50:00+00:00,2261.871097
2020-07-03 08:55:00+00:00,2248.297763
2020-07-03 09:00:00+00:00,2234.195068
2020-07-03 09:05:00+00:00,2217.075237
2020-07-03 09:10:00+00:00,2199.054152
2020-07-03 09:15:00+00:00,2180.732754
2020-07-03 09:20:00+00:00,2161.971682
2020-07-03 09:25:00+00:00,2142.399648
2020-07-03 09:30:00+00:00,2123.141941
2020-07-03 09:35:00+00:00,2111.404977
2020-07-03 09:40:00+00:00,2097.616785
2020-07-03 09:45:00+00:00,2082.316372
2020-07-03 09:50:00+00:00,2068.818762
2020-07-03 09:55:00+00:00,2053.590259
2020-07-03 10:00:00+00:00,2044.199567
2020-07-03 10:05:00+00:00,2043.13815
2020-07-03 10:10:00+00:00,2040.938108
2020-07-03 10:15:00+00:00,2031.668851
2020-07-03 10:20:00+00:00,2026.932826
2020-07-03 10:25:00+00:00,2009.752568
2020-07-03 10:30:00+00:00,1987.738323
2020-07-03 10:35:00+00:00,1966.784221
2020-07-03 10:40:00+00:00,1952.520241
2020-07-03 10:45:00+00:00,1942.464065
2020-07-03 10:50:00+00:00,1948.235524
2020-07-03 10:55:00+00:00,1948.242953
2020-07-03 11:00:00+00:00,1944.63283
2020-07-03 11:05:00+00:00,1943.138079
2020-07-03 11:10:00+00:00,1942.161707
2020-07-03 11:15:00+00:00,1936.629711
2020-07-03 11:20:00+00:00,1932.596069
2020-07-03 11:25:00+00:00,1931.366227
2020-07-03 11:30:00+00:00,1925.498297
2020-07-03 11:35:00+00:00,1916.512577
2020-07-03 11:40:00+00:00,1906.032541
2020-07-03 11:45:00+00:00,1887.038311
2020-07-03 11:50:00+00:00,1858.170291
2020-07-03 11:55:00+00:00,1819.116189
2020-07-03 12:00:00+00:00,1780.256881
2020-07-03 12:05:00+00:00,1740.195819
2020-07-03 12:10:00+00:00,1693.853337
2020-07-03 12:15:00+00:00,1648.270952
2020-07-03 12:20:00+00:00,1608.316742
2020-07-03 12:25:00+00:00,1564.500695
2020-07-03 12:30:00+00:00,1529.669188
2020-07-03 12:35:00+00:00,1493.204927
2020-07-03 12:40:00+00:00,1458.343322
2020-07-03 12:45:00+00:00,1431.655759
2020-07-03 12:50:00+00:00,1410.994648
2020-07-03 12:55:00+00:00,1396.204714
2020-07-03 13:00:00+00:00,1381.463073
2020-07-03 13:05:00+00:00,1363.798826
2020-07-03 13:10:00+00:00,1340.431828
2020-07-03 13:15:00+00:00,1309.941532
2020-07-03 13:20:00+00:00,1277.497931
2020-07-03 13:25:00+00:00,1255.271557
2020-07-03 13:30:00+00:00,1234.548104
2020-07-03 13:35:00+00:00,1208.143068
2020-07-03 13:40:00+00:00,1183.158942
2020-07-03 13:45:00+00:00,1159.28005
2020-07-03 13:50:00+00:00,1128.947324
2020-07-03 13:55:00+00:00,1101.206996
2020-07-03 14:00:00+00:00,1076.502286
2020-07-03 14:05:00+00:00,1044.981903
2020-07-03 14:10:00+00:00,1027.467352
2020-07-03 14:15:00+00:00,1012.972059
2020-07-03 14:20:00+00:00,971.1456283
2020-07-03 14:25:00+00:00,940.4523402
2020-07-03 14:30:00+00:00,914.7378642
2020-07-03 14:35:00+00:00,874.9019776
2020-07-03 14:40:00+00:00,842.8383206
2020-07-03 14:45:00+00:00,812.6759678
2020-07-03 14:50:00+00:00,776.4384524
2020-07-03 14:55:00+00:00,738.0572837
2020-07-03 15:00:00+00:00,698.0185612
2020-07-03 15:05:00+00:00,654.046545
2020-07-03 15:10:00+00:00,601.0074577
2020-07-03 15:15:00+00:00,552.6700531
2020-07-03 15:20:00+00:00,505.021089
2020-07-03 15:25:00+00:00,473.4438375
2020-07-03 15:30:00+00:00,452.5792093
2020-07-03 15:35:00+00:00,436.1499858
2020-07-03 15:40:00+00:00,415.4804264
2020-07-03 15:45:00+00:00,403.0480363
2020-07-03 15:50:00+00:00,386.7442898
2020-07-03 15:55:00+00:00,367.9571843
2020-07-03 16:00:00+00:00,346.3463694
2020-07-03 16:05:00+00:00,320.3683476
2020-07-03 16:10:00+00:00,306.5289847
2020-07-03 16:15:00+00:00,292.4631273
2020-07-03 16:20:00+00:00,261.8236882
2020-07-03 16:25:00+00:00,231.1477906
2020-07-03 16:30:00+00:00,207.4995777
2020-07-03 16:35:00+00:00,191.3784206
2020-07-03 16:40:00+00:00,184.8389994
2020-07-03 16:45:00+00:00,180.0930737
2020-07-03 16:50:00+00:00,169.3822793
2020-07-03 16:55:00+00:00,157.9353943
2020-07-03 17:00:00+00:00,149.9718623
2020-07-03 17:05:00+00:00,145.7690386
2020-07-03 17:10:00+00:00,144.7655791
2020-07-03 17:15:00+00:00,146.4348592
2020-07-03 17:20:00+00:00,148.5997236
2020-07-03 17:25:00+00:00,150.002354
2020-07-03 17:30:00+00:00,146.9453163
2020-07-03 17:35:00+00:00,138.1932872
2020-07-03 17:40:00+00:00,129.1013383
2020-07-03 17:45:00+00:00,121.166048
2020-07-03 17:50:00+00:00,113.9332204
2020-07-03 17:55:00+00:00,108.9289755
2020-07-03 18:00:00+00:00,103.7469743
2020-07-03 18:05:00+00:00,97.33910286
2020-07-03 18:10:00+00:00,91.99547701
2020-07-03 18:15:00+00:00,89.27967344
2020-07-03 18:20:00+00:00,89.24868982
2020-07-03 18:25:00+00:00,91.01414978
2020-07-03 18:30:00+00:00,91.77779187
2020-07-03 18:35:00+00:00,90.63640381
2020-07-03 18:40:00+00:00,89.79282414
2020-07-03 18:45:00+00:00,89.24953402
2020-07-03 18:50:00+00:00,87.80162014
2020-07-03 18:55:00+00:00,88.70215597
2020-07-03 19:00:00+00:00,91.59122407
2020-07-03 19:05:00+00:00,94.98984396
2020-07-03 19:10:00+00:00,99.41449814
2020-07-03 19:15:00+00:00,101.8639282
2020-07-03 19:20:00+00:00,101.5801749
2020-07-03 19:25:00+00:00,100.5070834
2020-07-03 19:30:00+00:00,100.5467805
2020-07-03 19:35:00+00:00,100.6106194
2020-07-03 19:40:00+00:00,100.0215664
2020-07-03 19:45:00+00:00,99.57162559
2020-07-03 19:50:00+00:00,99.94640729
2020-07-03 19:55:00+00:00,102.0548498
2020-07-03 20:00:00+00:00,105.0401831
2020-07-03 20:05:00+00:00,105.6825625
2020-07-03 20:10:00+00:00,104.1784712
2020-07-03 20:15:00+00:00,101.1557044
2020-07-03 20:20:00+00:00,98.30120718
2020-07-03 20:25:00+00:00,96.54557304
2020-07-03 20:30:00+00:00,96.62428926
2020-07-03 20:35:00+00:00,98.83591937
2020-07-03 20:40:00+00:00,101.2785135
2020-07-03 20:45:00+00:00,103.4085871
2020-07-03 20:50:00+00:00,105.5832947
2020-07-03 20:55:00+00:00,106.2472862
2020-07-03 21:00:00+00:00,106.0778888
2020-07-03 21:05:00+00:00,106.9145813
2020-07-03 21:10:00+00:00,108.8796367
2020-07-03 21:15:00+00:00,112.4952971
2020-07-03 21:20:00+00:00,117.7279545
2020-07-03 21:25:00+00:00,121.5517332
2020-07-03 21:30:00+00:00,124.5163296
2020-07-03 21:35:00+00:00,128.9545617
2020-07-03 21:40:00+00:00,135.2746758
2020-07-03 21:45:00+00:00,144.4874104
2020-07-03 21:50:00+00:00,154.7514004
2020-07-03 21:55:00+00:00,164.4663897
2020-07-03 22:00:00+00:00,174.4399589
2020-07-03 22:05:00+00:00,183.8418773
2020-07-03 22:10:00+00:00,189.6907041
2020-07-03 22:15:00+00:00,196.3496731
2020-07-03 22:20:00+00:00,205.5694012
2020-07-03 22:25:00+00:00,216.1659026
2020-07-03 22:30:00+00:00,228.7267357
2020-07-03 22:35:00+00:00,245.9568673
2020-07-03 22:40:00+00:00,263.650613
2020-07-03 22:45:00+00:00,282.2828633
2020-07-03 22:50:00+00:00,305.225822
2020-07-03 22:55:00+00:00,330.2109871
2020-07-03 23:00:00+00:00,355.6606208
2020-07-03 23:05:00+00:00,384.2945067
2020-07-03 23:10:00+00:00,412.2479391
2020-07-03 23:15:00+00:00,438.6762497
2020-07-03 23:20:00+00:00,473.9302889
2020-07-03 23:25:00+00:00,512.4876371
2020-07-03 23:30:00+00:00,548.0628956
2020-07-03 23:35:00+00:00,586.0839011
2020-07-03 23:40:00+00:00,621.3662735
2020-07-03 23:45:00+00:00,654.3766994
2020-07-03 23:50:00+00:00,695.9612134
2020-07-03 23:55:00+00:00,739.2865255
2020-07-04 00:00:00+00:00,782.7728534
2020-07-04 00:05:00+00:00,829.4857139
2020-07-04 00:10:00+00:00,873.9493617
2020-07-04 00:15:00+00:00,913.5099318
2020-07-04 00:20:00+00:00,960.3711921
2020-07-04 00:25:00+00:00,1000.263782
2020-07-04 00:30:00+00:00,1024.795411
2020-07-04 00:35:00+00:00,1050.394367
2020-07-04 00:40:00+00:00,1076.178363
2020-07-04 00:45:00+00:00,1095.69821
2020-07-04 00:50:00+00:00,1122.4546
2020-07-04 00:55:00+00:00,1150.744164
2020-07-04 01:00:00+00:00,1176.061469
2020-07-04 01:05:00+00:00,1207.791948
2020-07-04 01:10:00+00:00,1236.048052
2020-07-04 01:15:00+00:00,1264.655825
2020-07-04 01:20:00+00:00,1297.255477
2020-07-04 01:25:00+00:00,1325.048566
2020-07-04 01:30:00+00:00,1355.043993
2020-07-04 01:35:00+00:00,1394.908201
2020-07-04 01:40:00+00:00,1428.942208
2020-07-04 01:45:00+00:00,1458.572208
2020-07-04 01:50:00+00:00,1494.70727
2020-07-04 01:55:00+00:00,1516.926153
2020-07-04 02:00:00+00:00,1541.597466
2020-07-04 02:05:00+00:00,1579.168075
2020-07-04 02:10:00+00:00,1605.750677
2020-07-04 02:15:00+00:00,1644.710102
2020-07-04 02:20:00+00:00,1721.582513
2020-07-04 02:25:00+00:00,1778.474882
2020-07-04 02:30:00+00:00,1805.335237
2020-07-04 02:35:00+00:00,1852.720967
2020-07-04 02:40:00+00:00,1862.619009
2020-07-04 02:45:00+00:00,1857.873496
2020-07-04 02:50:00+00:00,1849.979167
2020-07-04 02:55:00+00:00,1837.116961
2020-07-04 03:00:00+00:00,1824.757406
2020-07-04 03:05:00+00:00,1814.965488
2020-07-04 03:10:00+00:00,1813.63844
2020-07-04 03:15:00+00:00,1825.785652
2020-07-04 03:20:00+00:00,1840.164038
2020-07-04 03:25:00+00:00,1851.808028
2020-07-04 03:30:00+00:00,1852.341837
2020-07-04 03:35:00+00:00,1844.419999
2020-07-04 03:40:00+00:00,1840.978486
2020-07-04 03:45:00+00:00,1843.305662
2020-07-04 03:50:00+00:00,1846.497351
2020-07-04 03:55:00+00:00,1866.243369
2020-07-04 04:00:00+00:00,1890.061839
2020-07-04 04:05:00+00:00,1901.180049
2020-07-04 04:10:00+00:00,1911.815828
2020-07-04 04:15:00+00:00,1917.80364
2020-07-04 04:20:00+00:00,1939.283299
2020-07-04 04:25:00+00:00,1943.50865
2020-07-04 04:30:00+00:00,1941.928314
2020-07-04 04:35:00+00:00,1942.945055
2020-07-04 04:40:00+00:00,1945.094462
2020-07-04 04:45:00+00:00,1943.943583
2020-07-04 04:50:00+00:00,1937.966663
2020-07-04 04:55:00+00:00,1936.123919
2020-07-04 05:00:00+00:00,1932.108522
2020-07-04 05:05:00+00:00,1929.456457
2020-07-04 05:10:00+00:00,1926.753351
2020-07-04 05:15:00+00:00,1932.72046
2020-07-04 05:20:00+00:00,1943.653965
2020-07-04 05:25:00+00:00,1957.196241
2020-07-04 05:30:00+00:00,1971.657605
2020-07-04 05:35:00+00:00,1986.731359
2020-07-04 05:40:00+00:00,1997.073281
2020-07-04 05:45:00+00:00,2005.689017
2020-07-04 05:50:00+00:00,2015.460238
2020-07-04 05:55:00+00:00,2020.193448
2020-07-04 06:00:00+00:00,2022.962302
2020-07-04 06:05:00+00:00,2029.13851
2020-07-04 06:10:00+00:00,2029.682817
2020-07-04 06:15:00+00:00,2023.075271
2020-07-04 06:20:00+00:00,2015.38956
2020-07-04 06:25:00+00:00,2008.682434
2020-07-04 06:30:00+00:00,2002.654182
2020-07-04 06:35:00+00:00,1995.971382
2020-07-04 06:40:00+00:00,1980.208382
2020-07-04 06:45:00+00:00,1957.219183
2020-07-04 06:50:00+00:00,1936.255687
2020-07-04 06:55:00+00:00,1918.732291
2020-07-04 07:00:00+00:00,1899.859631
2020-07-04 07:05:00+00:00,1885.415181
2020-07-04 07:10:00+00:00,1872.627271
2020-07-04 07:15:00+00:00,1856.981545
2020-07-04 07:20:00+00:00,1837.978499
2020-07-04 07:25:00+00:00,1821.511406
2020-07-04 07:30:00+00:00,1806.507615
2020-07-04 07:35:00+00:00,1786.572898
2020-07-04 07:40:00+00:00,1762.246421
2020-07-04 07:45:00+00:00,1739.397333
2020-07-04 07:50:00+00:00,1717.07877
2020-07-04 07:55:00+00:00,1685.961733
2020-07-04 08:00:00+00:00,1651.985461
2020-07-04 08:05:00+00:00,1622.615096
2020-07-04 08:10:00+00:00,1599.921613
2020-07-04 08:15:00+00:00,1580.392418
2020-07-04 08:20:00+00:00,1555.897524
2020-07-04 08:25:00+00:00,1540.380079
2020-07-04 08:30:00+00:00,1528.489397
2020-07-04 08:35:00+00:00,1514.775495
2020-07-04 08:40:00+00:00,1491.8388
2020-07-04 08:45:00+00:00,1469.77164
2020-07-04 08:50:00+00:00,1452.826396
2020-07-04 08:55:00+00:00,1442.398987
2020-07-04 09:00:00+00:00,1436.626917
2020-07-04 09:05:00+00:00,1430.537477
2020-07-04 09:10:00+00:00,1421.425372
2020-07-04 09:15:00+00:00,1406.156408
2020-07-04 09:20:00+00:00,1382.775922
2020-07-04 09:25:00+00:00,1362.893229
2020-07-04 09:30:00+00:00,1350.60407
2020-07-04 09:35:00+00:00,1340.611692
2020-07-04 09:40:00+00:00,1330.870451
2020-07-04 09:45:00+00:00,1322.090958
2020-07-04 09:50:00+00:00,1313.554931
2020-07-04 09:55:00+00:00,1294.96805
2020-07-04 10:00:00+00:00,1279.809059
2020-07-04 10:05:00+00:00,1272.362523
2020-07-04 10:10:00+00:00,1249.452978
2020-07-04 10:15:00+00:00,1225.231607
2020-07-04 10:20:00+00:00,1209.082112
2020-07-04 10:25:00+00:00,1196.056359
2020-07-04 10:30:00+00:00,1185.177842
2020-07-04 10:35:00+00:00,1173.224244
2020-07-04 10:40:00+00:00,1156.520781
2020-07-04 10:45:00+00:00,1139.024714
2020-07-04 10:50:00+00:00,1128.224098
2020-07-04 10:55:00+00:00,1120.026573
2020-07-04 11:00:00+00:00,1109.926293
2020-07-04 11:05:00+00:00,1090.888466
2020-07-04 11:10:00+00:00,1066.40973
2020-07-04 11:15:00+00:00,1042.293866
2020-07-04 11:20:00+00:00,1014.309546
2020-07-04 11:25:00+00:00,976.4884871
2020-07-04 11:30:00+00:00,928.1969199
2020-07-04 11:35:00+00:00,889.7044429
2020-07-04 11:40:00+00:00,858.5144482
2020-07-04 11:45:00+00:00,816.463864
2020-07-04 11:50:00+00:00,771.8456945
2020-07-04 11:55:00+00:00,738.3120856
2020-07-04 12:00:00+00:00,705.9121386
2020-07-04 12:05:00+00:00,676.2148805
2020-07-04 12:10:00+00:00,646.6153158
2020-07-04 12:15:00+00:00,627.4064398
2020-07-04 12:20:00+00:00,615.0637737
2020-07-04 12:25:00+00:00,600.4782021
2020-07-04 12:30:00+00:00,583.4006024
2020-07-04 12:35:00+00:00,568.4670547
2020-07-04 12:40:00+00:00,557.9731736
2020-07-04 12:45:00+00:00,540.4139232
2020-07-04 12:50:00+00:00,515.9884474
2020-07-04 12:55:00+00:00,493.0334541
2020-07-04 13:00:00+00:00,469.037351
2020-07-04 13:05:00+00:00,447.1665655
2020-07-04 13:10:00+00:00,423.7803693
2020-07-04 13:15:00+00:00,394.2995227
2020-07-04 13:20:00+00:00,365.1078597
2020-07-04 13:25:00+00:00,339.2016665
2020-07-04 13:30:00+00:00,318.9461044
2020-07-04 13:35:00+00:00,306.1609692
2020-07-04 13:40:00+00:00,297.2450123
2020-07-04 13:45:00+00:00,285.828453
2020-07-04 13:50:00+00:00,273.6376512
2020-07-04 13:55:00+00:00,263.084273
2020-07-04 14:00:00+00:00,249.5189481
2020-07-04 14:05:00+00:00,230.6502916
2020-07-04 14:10:00+00:00,214.7534287
2020-07-04 14:15:00+00:00,205.4118091
2020-07-04 14:20:00+00:00,187.9932997
2020-07-04 14:25:00+00:00,178.4013592
2020-07-04 14:30:00+00:00,165.5353867
2020-07-04 14:35:00+00:00,152.2365895
2020-07-04 14:40:00+00:00,140.5422743
2020-07-04 14:45:00+00:00,128.1183424
2020-07-04 14:50:00+00:00,117.155889
2020-07-04 14:55:00+00:00,105.8734975
2020-07-04 15:00:00+00:00,96.62555586
2020-07-04 15:05:00+00:00,85.93908534
2020-07-04 15:10:00+00:00,78.05176425
2020-07-04 15:15:00+00:00,70.01287566
2020-07-04 15:20:00+00:00,59.69844772
2020-07-04 15:25:00+00:00,49.76975297
2020-07-04 15:30:00+00:00,42.02989673
2020-07-04 15:35:00+00:00,37.81609045
2020-07-04 15:40:00+00:00,34.63108237
2020-07-04 15:45:00+00:00,30.54448498
2020-07-04 15:50:00+00:00,26.92313805
2020-07-04 15:55:00+00:00,24.22089363
2020-07-04 16:00:00+00:00,22.49811489
2020-07-04 16:05:00+00:00,21.08874103
2020-07-04 16:10:00+00:00,19.94710757
2020-07-04 16:15:00+00:00,19.25363753
2020-07-04 16:20:00+00:00,18.54341664
2020-07-04 16:25:00+00:00,17.08724621
2020-07-04 16:30:00+00:00,15.63730995
2020-07-04 16:35:00+00:00,15.09762604
2020-07-04 16:40:00+00:00,14.53985945
2020-07-04 16:45:00+00:00,14.22145349
2020-07-04 16:50:00+00:00,14.21862044
2020-07-04 16:55:00+00:00,14.05112799
2020-07-04 17:00:00+00:00,13.75766828
2020-07-04 17:05:00+00:00,13.54421836
2020-07-04 17:10:00+00:00,13.09053589
2020-07-04 17:15:00+00:00,12.72407568
2020-07-04 17:20:00+00:00,12.10323466
2020-07-04 17:25:00+00:00,11.79200406
2020-07-04 17:30:00+00:00,11.80478283
2020-07-04 17:35:00+00:00,11.73977644
2020-07-04 17:40:00+00:00,12.03910788
2020-07-04 17:45:00+00:00,12.37340241
2020-07-04 17:50:00+00:00,12.74546889
2020-07-04 17:55:00+00:00,13.43274072
2020-07-04 18:00:00+00:00,14.30920189
2020-07-04 18:05:00+00:00,15.51693263
2020-07-04 18:10:00+00:00,17.10344013
2020-07-04 18:15:00+00:00,18.84353722
2020-07-04 18:20:00+00:00,19.86512431
2020-07-04 18:25:00+00:00,20.75106503
2020-07-04 18:30:00+00:00,22.2207683
2020-07-04 18:35:00+00:00,22.90616625
2020-07-04 18:40:00+00:00,22.78700596
2020-07-04 18:45:00+00:00,22.84582154
2020-07-04 18:50:00+00:00,23.59244686
2020-07-04 18:55:00+00:00,24.70718823
2020-07-04 19:00:00+00:00,26.26118911
2020-07-04 19:05:00+00:00,27.92681235
2020-07-04 19:10:00+00:00,29.08828987
2020-07-04 19:15:00+00:00,31.77915552
2020-07-04 19:20:00+00:00,35.26071703
2020-07-04 19:25:00+00:00,37.75836794
2020-07-04 19:30:00+00:00,39.81917272
2020-07-04 19:35:00+00:00,42.05888078
2020-07-04 19:40:00+00:00,43.92865843
2020-07-04 19:45:00+00:00,46.76210916
2020-07-04 19:50:00+00:00,50.95905933
2020-07-04 19:55:00+00:00,53.40106609
2020-07-04 20:00:00+00:00,53.45662614
2020-07-04 20:05:00+00:00,53.10391829
2020-07-04 20:10:00+00:00,53.20286143
2020-07-04 20:15:00+00:00,55.96162955
2020-07-04 20:20:00+00:00,61.02485312
2020-07-04 20:25:00+00:00,65.78724358
2020-07-04 20:30:00+00:00,68.25480175
2020-07-04 20:35:00+00:00,68.08170096
2020-07-04 20:40:00+00:00,67.70099341
2020-07-04 20:45:00+00:00,68.66218186
2020-07-04 20:50:00+00:00,70.62414901
2020-07-04 20:55:00+00:00,72.96595211
2020-07-04 21:00:00+00:00,75.14856807
2020-07-04 21:05:00+00:00,77.05836732
2020-07-04 21:10:00+00:00,78.79501059
2020-07-04 21:15:00+00:00,81.06345377
2020-07-04 21:20:00+00:00,83.61863439
2020-07-04 21:25:00+00:00,86.62695326
2020-07-04 21:30:00+00:00,89.85944333
2020-07-04 21:35:00+00:00,91.61841885
2020-07-04 21:40:00+00:00,93.49190723
2020-07-04 21:45:00+00:00,96.77223572
2020-07-04 21:50:00+00:00,101.6673893
2020-07-04 21:55:00+00:00,107.8658036
2020-07-04 22:00:00+00:00,115.4807112
2020-07-04 22:05:00+00:00,123.3615483
2020-07-04 22:10:00+00:00,129.155492
2020-07-04 22:15:00+00:00,135.0940501
2020-07-04 22:20:00+00:00,143.1446959
2020-07-04 22:25:00+00:00,153.3842069
2020-07-04 22:30:00+00:00,166.0375727
2020-07-04 22:35:00+00:00,182.0721623
2020-07-04 22:40:00+00:00,199.6228084
2020-07-04 22:45:00+00:00,217.9354878
2020-07-04 22:50:00+00:00,239.973179
2020-07-04 22:55:00+00:00,261.4953857
2020-07-04 23:00:00+00:00,280.9494063
2020-07-04 23:05:00+00:00,302.7393398
2020-07-04 23:10:00+00:00,324.2859173
2020-07-04 23:15:00+00:00,346.4077743
2020-07-04 23:20:00+00:00,374.3648185
2020-07-04 23:25:00+00:00,397.7315478
2020-07-04 23:30:00+00:00,416.8890601
2020-07-04 23:35:00+00:00,440.8683348
2020-07-04 23:40:00+00:00,465.3878253
2020-07-04 23:45:00+00:00,487.4594532
2020-07-04 23:50:00+00:00,515.4394992
2020-07-04 23:55:00+00:00,543.2332354
2020-07-05 00:00:00+00:00,568.2506621
2020-07-05 00:05:00+00:00,595.012848
2020-07-05 00:10:00+00:00,621.5729562
2020-07-05 00:15:00+00:00,647.0642382
2020-07-05 00:20:00+00:00,679.1330852
2020-07-05 00:25:00+00:00,712.8223778
2020-07-05 00:30:00+00:00,749.2137924
2020-07-05 00:35:00+00:00,786.8239343
2020-07-05 00:40:00+00:00,821.6822901
2020-07-05 00:45:00+00:00,870.8333142
2020-07-05 00:50:00+00:00,936.1428519
2020-07-05 00:55:00+00:00,995.5858311
2020-07-05 01:00:00+00:00,1053.430073
2020-07-05 01:05:00+00:00,1113.955894
2020-07-05 01:10:00+00:00,1159.290385
2020-07-05 01:15:00+00:00,1201.395161
2020-07-05 01:20:00+00:00,1260.974174
2020-07-05 01:25:00+00:00,1314.878228
2020-07-05 01:30:00+00:00,1361.568713
2020-07-05 01:35:00+00:00,1418.302456
2020-07-05 01:40:00+00:00,1465.850201
2020-07-05 01:45:00+00:00,1509.296968
2020-07-05 01:50:00+00:00,1572.591264
2020-07-05 01:55:00+00:00,1624.996986
2020-07-05 02:00:00+00:00,1682.790389
2020-07-05 02:05:00+00:00,1771.691966
2020-07-05 02:10:00+00:00,1848.036839
2020-07-05 02:15:00+00:00,1908.892049
2020-07-05 02:20:00+00:00,1989.62541
2020-07-05 02:25:00+00:00,2078.076906
2020-07-05 02:30:00+00:00,2154.109651
2020-07-05 02:35:00+00:00,2243.91396
2020-07-05 02:40:00+00:00,2310.463364
2020-07-05 02:45:00+00:00,2360.563764
2020-07-05 02:50:00+00:00,2407.778175
2020-07-05 02:55:00+00:00,2456.119807
2020-07-05 03:00:00+00:00,2502.194852
2020-07-05 03:05:00+00:00,2542.991012
2020-07-05 03:10:00+00:00,2561.264679
2020-07-05 03:15:00+00:00,2566.679289
2020-07-05 03:20:00+00:00,2591.535308
2020-07-05 03:25:00+00:00,2622.480228
2020-07-05 03:30:00+00:00,2644.084384
2020-07-05 03:35:00+00:00,2661.646115
2020-07-05 03:40:00+00:00,2676.824997
2020-07-05 03:45:00+00:00,2691.508227
2020-07-05 03:50:00+00:00,2708.57183
2020-07-05 03:55:00+00:00,2751.904339
2020-07-05 04:00:00+00:00,2798.127052
2020-07-05 04:05:00+00:00,2816.79876
2020-07-05 04:10:00+00:00,2820.336047
2020-07-05 04:15:00+00:00,2824.519145
2020-07-05 04:20:00+00:00,2830.015198
2020-07-05 04:25:00+00:00,2838.551377
2020-07-05 04:30:00+00:00,2866.67583
2020-07-05 04:35:00+00:00,2913.035666
2020-07-05 04:40:00+00:00,2962.911703
2020-07-05 04:45:00+00:00,3005.427455
2020-07-05 04:50:00+00:00,3027.423866
2020-07-05 04:55:00+00:00,3041.999492
2020-07-05 05:00:00+00:00,3070.64091
2020-07-05 05:05:00+00:00,3109.991484
2020-07-05 05:10:00+00:00,3127.401607
2020-07-05 05:15:00+00:00,3122.513955
2020-07-05 05:20:00+00:00,3111.447001
2020-07-05 05:25:00+00:00,3092.940309
2020-07-05 05:30:00+00:00,3070.126648
2020-07-05 05:35:00+00:00,3039.940005
2020-07-05 05:40:00+00:00,3006.99112
2020-07-05 05:45:00+00:00,2972.594292
2020-07-05 05:50:00+00:00,2930.152386
2020-07-05 05:55:00+00:00,2883.310533
2020-07-05 06:00:00+00:00,2835.101421
2020-07-05 06:05:00+00:00,2780.134695
2020-07-05 06:10:00+00:00,2711.118741
2020-07-05 06:15:00+00:00,2646.912278
2020-07-05 06:20:00+00:00,2585.572507
2020-07-05 06:25:00+00:00,2531.403598
2020-07-05 06:30:00+00:00,2487.775916
2020-07-05 06:35:00+00:00,2450.465358
2020-07-05 06:40:00+00:00,2419.109921
2020-07-05 06:45:00+00:00,2391.115499
2020-07-05 06:50:00+00:00,2372.567786
2020-07-05 06:55:00+00:00,2363.35945
2020-07-05 07:00:00+00:00,2360.395053
2020-07-05 07:05:00+00:00,2350.149279
2020-07-05 07:10:00+00:00,2337.873941
2020-07-05 07:15:00+00:00,2321.152548
2020-07-05 07:20:00+00:00,2301.015898
2020-07-05 07:25:00+00:00,2285.343622
2020-07-05 07:30:00+00:00,2263.70967
2020-07-05 07:35:00+00:00,2234.856299
2020-07-05 07:40:00+00:00,2205.96237
2020-07-05 07:45:00+00:00,2175.889977
2020-07-05 07:50:00+00:00,2153.835029
2020-07-05 07:55:00+00:00,2133.616617
2020-07-05 08:00:00+00:00,2116.374964
2020-07-05 08:05:00+00:00,2097.440508
2020-07-05 08:10:00+00:00,2078.190232
2020-07-05 08:15:00+00:00,2064.260258
2020-07-05 08:20:00+00:00,2055.532684
2020-07-05 08:25:00+00:00,2055.079005
2020-07-05 08:30:00+00:00,2062.285542
2020-07-05 08:35:00+00:00,2067.032816
2020-07-05 08:40:00+00:00,2061.297534
2020-07-05 08:45:00+00:00,2041.26687
2020-07-05 08:50:00+00:00,2011.439749
2020-07-05 08:55:00+00:00,1977.069753
2020-07-05 09:00:00+00:00,1954.459852
2020-07-05 09:05:00+00:00,1929.865462
2020-07-05 09:10:00+00:00,1912.72641
2020-07-05 09:15:00+00:00,1903.17681
2020-07-05 09:20:00+00:00,1897.55256
2020-07-05 09:25:00+00:00,1887.968651
2020-07-05 09:30:00+00:00,1868.184534
2020-07-05 09:35:00+00:00,1834.704437
2020-07-05 09:40:00+00:00,1783.999115
2020-07-05 09:45:00+00:00,1740.665281
2020-07-05 09:50:00+00:00,1706.211707
2020-07-05 09:55:00+00:00,1670.324106
2020-07-05 10:00:00+00:00,1633.612242
2020-07-05 10:05:00+00:00,1602.011584
2020-07-05 10:10:00+00:00,1585.13898
2020-07-05 10:15:00+00:00,1570.889903
2020-07-05 10:20:00+00:00,1543.550144
2020-07-05 10:25:00+00:00,1510.938864
2020-07-05 10:30:00+00:00,1471.094509
2020-07-05 10:35:00+00:00,1434.304296
2020-07-05 10:40:00+00:00,1401.727615
2020-07-05 10:45:00+00:00,1364.109241
2020-07-05 10:50:00+00:00,1331.767151
2020-07-05 10:55:00+00:00,1301.75938
2020-07-05 11:00:00+00:00,1273.730347
2020-07-05 11:05:00+00:00,1244.062957
2020-07-05 11:10:00+00:00,1224.123588
2020-07-05 11:15:00+00:00,1214.329323
2020-07-05 11:20:00+00:00,1211.60601
2020-07-05 11:25:00+00:00,1208.362657
2020-07-05 11:30:00+00:00,1206.205585
2020-07-05 11:35:00+00:00,1206.239659
2020-07-05 11:40:00+00:00,1207.642705
2020-07-05 11:45:00+00:00,1207.496159
2020-07-05 11:50:00+00:00,1198.204496
2020-07-05 11:55:00+00:00,1186.194215
2020-07-05 12:00:00+00:00,1171.449908
2020-07-05 12:05:00+00:00,1153.997663
2020-07-05 12:10:00+00:00,1136.058242
2020-07-05 12:15:00+00:00,1114.875788
2020-07-05 12:20:00+00:00,1094.602873
2020-07-05 12:25:00+00:00,1078.083742
2020-07-05 12:30:00+00:00,1065.955377
2020-07-05 12:35:00+00:00,1054.286714
2020-07-05 12:40:00+00:00,1039.928009
2020-07-05 12:45:00+00:00,1014.408978
2020-07-05 12:50:00+00:00,986.2630281
2020-07-05 12:55:00+00:00,965.9467407
2020-07-05 13:00:00+00:00,949.8902226
2020-07-05 13:05:00+00:00,935.7548911
2020-07-05 13:10:00+00:00,920.7319129
2020-07-05 13:15:00+00:00,903.1041441
2020-07-05 13:20:00+00:00,885.6903456
2020-07-05 13:25:00+00:00,869.3487052
2020-07-05 13:30:00+00:00,860.1946021
2020-07-05 13:35:00+00:00,847.1892711
2020-07-05 13:40:00+00:00,835.3453691
2020-07-05 13:45:00+00:00,819.9886392
2020-07-05 13:50:00+00:00,788.2741563
2020-07-05 13:55:00+00:00,768.1761108
2020-07-05 14:00:00+00:00,748.1704246
2020-07-05 14:05:00+00:00,721.9198884
2020-07-05 14:10:00+00:00,701.3050488
2020-07-05 14:15:00+00:00,681.0637827
2020-07-05 14:20:00+00:00,656.7001119
2020-07-05 14:25:00+00:00,640.3162269
2020-07-05 14:30:00+00:00,624.2719868
2020-07-05 14:35:00+00:00,612.9811485
2020-07-05 14:40:00+00:00,590.395873
2020-07-05 14:45:00+00:00,557.5404763
2020-07-05 14:50:00+00:00,531.8751113
2020-07-05 14:55:00+00:00,524.1089123
2020-07-05 15:00:00+00:00,523.3528829
2020-07-05 15:05:00+00:00,475.8132817
2020-07-05 15:10:00+00:00,438.4652909
2020-07-05 15:15:00+00:00,441.2867059
2020-07-05 15:20:00+00:00,440.3886694
2020-07-05 15:25:00+00:00,445.6595548
2020-07-05 15:30:00+00:00,433.8110575
2020-07-05 15:35:00+00:00,426.5196687
2020-07-05 15:40:00+00:00,420.5231118
2020-07-05 15:45:00+00:00,412.9567932
2020-07-05 15:50:00+00:00,408.7827163
2020-07-05 15:55:00+00:00,405.7667124
2020-07-05 16:00:00+00:00,397.6432719
2020-07-05 16:05:00+00:00,389.3285537
2020-07-05 16:10:00+00:00,380.8717739
2020-07-05 16:15:00+00:00,376.1474087
2020-07-05 16:20:00+00:00,374.9321658
2020-07-05 16:25:00+00:00,369.9003869
2020-07-05 16:30:00+00:00,363.9700644
2020-07-05 16:35:00+00:00,355.9812205
2020-07-05 16:40:00+00:00,346.5054794
2020-07-05 16:45:00+00:00,342.8127271
2020-07-05 16:50:00+00:00,347.7824074
2020-07-05 16:55:00+00:00,353.6695109
2020-07-05 17:00:00+00:00,352.0112575
2020-07-05 17:05:00+00:00,344.2148159
2020-07-05 17:10:00+00:00,335.8361729
2020-07-05 17:15:00+00:00,329.4763515
2020-07-05 17:20:00+00:00,323.2337894
2020-07-05 17:25:00+00:00,318.8049627
2020-07-05 17:30:00+00:00,316.9465786
2020-07-05 17:35:00+00:00,317.7910244
2020-07-05 17:40:00+00:00,321.8008934
2020-07-05 17:45:00+00:00,326.3197289
2020-07-05 17:50:00+00:00,332.4694364
2020-07-05 17:55:00+00:00,337.1818284
2020-07-05 18:00:00+00:00,338.3868322
2020-07-05 18:05:00+00:00,336.834793
2020-07-05 18:10:00+00:00,336.692486
2020-07-05 18:15:00+00:00,337.9152935
2020-07-05 18:20:00+00:00,339.2293566
2020-07-05 18:25:00+00:00,343.1651549
2020-07-05 18:30:00+00:00,350.6989561
2020-07-05 18:35:00+00:00,354.4457185
2020-07-05 18:40:00+00:00,353.2462368
2020-07-05 18:45:00+00:00,352.2091489
2020-07-05 18:50:00+00:00,350.425314
2020-07-05 18:55:00+00:00,351.1709027
2020-07-05 19:00:00+00:00,354.8856329
2020-07-05 19:05:00+00:00,362.2078466
2020-07-05 19:10:00+00:00,372.2802918
2020-07-05 19:15:00+00:00,383.3879478
2020-07-05 19:20:00+00:00,394.6256656
2020-07-05 19:25:00+00:00,406.2578752
2020-07-05 19:30:00+00:00,419.0082864
2020-07-05 19:35:00+00:00,432.0968748
2020-07-05 19:40:00+00:00,447.4325102
2020-07-05 19:45:00+00:00,464.5730715
2020-07-05 19:50:00+00:00,483.3781739
2020-07-05 19:55:00+00:00,505.6562335
2020-07-05 20:00:00+00:00,530.2809923
2020-07-05 20:05:00+00:00,556.9925218
2020-07-05 20:10:00+00:00,581.0424514
2020-07-05 20:15:00+00:00,602.3814206
2020-07-05 20:20:00+00:00,622.8584403
2020-07-05 20:25:00+00:00,644.2015203
2020-07-05 20:30:00+00:00,672.6610533
2020-07-05 20:35:00+00:00,708.708914
2020-07-05 20:40:00+00:00,745.0983732
2020-07-05 20:45:00+00:00,775.2711601
2020-07-05 20:50:00+00:00,802.6111539
2020-07-05 20:55:00+00:00,828.2473572
2020-07-05 21:00:00+00:00,850.7211406
2020-07-05 21:05:00+00:00,872.6582027
2020-07-05 21:10:00+00:00,894.8942762
2020-07-05 21:15:00+00:00,915.3695478
2020-07-05 21:20:00+00:00,938.4401798
2020-07-05 21:25:00+00:00,960.74385
2020-07-05 21:30:00+00:00,985.6109616
2020-07-05 21:35:00+00:00,1013.655871
2020-07-05 21:40:00+00:00,1034.103132
2020-07-05 21:45:00+00:00,1054.212333
2020-07-05 21:50:00+00:00,1086.088742
2020-07-05 21:55:00+00:00,1122.476601
2020-07-05 22:00:00+00:00,1156.675843
2020-07-05 22:05:00+00:00,1195.11395
2020-07-05 22:10:00+00:00,1232.61808
2020-07-05 22:15:00+00:00,1262.610194
2020-07-05 22:20:00+00:00,1297.385847
2020-07-05 22:25:00+00:00,1329.201741
2020-07-05 22:30:00+00:00,1360.445394
2020-07-05 22:35:00+00:00,1406.803929
2020-07-05 22:40:00+00:00,1437.647668
2020-07-05 22:45:00+00:00,1467.623848
2020-07-05 22:50:00+00:00,1521.54434
2020-07-05 22:55:00+00:00,1567.216001
2020-07-05 23:00:00+00:00,1608.1729
2020-07-05 23:05:00+00:00,1687.370923
2020-07-05 23:10:00+00:00,1791.543185
2020-07-05 23:15:00+00:00,1873.892691
2020-07-05 23:20:00+00:00,1935.441495
2020-07-05 23:25:00+00:00,1916.381437
2020-07-05 23:30:00+00:00,1877.348608
2020-07-05 23:35:00+00:00,1874.515738
2020-07-05 23:40:00+00:00,1901.102267
2020-07-05 23:45:00+00:00,1940.578749
2020-07-05 23:50:00+00:00,1989.438463
2020-07-05 23:55:00+00:00,2047.110221
2020-07-06 00:00:00+00:00,2113.245227
2020-07-06 00:05:00+00:00,2179.670935
2020-07-06 00:10:00+00:00,2226.901881
2020-07-06 00:15:00+00:00,2267.710361
2020-07-06 00:20:00+00:00,2321.383927
2020-07-06 00:25:00+00:00,2374.996648
2020-07-06 00:30:00+00:00,2425.8807
2020-07-06 00:35:00+00:00,2468.284804
2020-07-06 00:40:00+00:00,2496.825771
2020-07-06 00:45:00+00:00,2525.661975
2020-07-06 00:50:00+00:00,2554.48635
2020-07-06 00:55:00+00:00,2580.07368
2020-07-06 01:00:00+00:00,2609.284779
2020-07-06 01:05:00+00:00,2650.041739
2020-07-06 01:10:00+00:00,2700.696348
2020-07-06 01:15:00+00:00,2768.893751
2020-07-06 01:20:00+00:00,2868.40039
2020-07-06 01:25:00+00:00,2964.174966
2020-07-06 01:30:00+00:00,3041.781869
2020-07-06 01:35:00+00:00,3110.002081
2020-07-06 01:40:00+00:00,3159.557092
2020-07-06 01:45:00+00:00,3206.197683
2020-07-06 01:50:00+00:00,3301.954395
2020-07-06 01:55:00+00:00,3390.628152
2020-07-06 02:00:00+00:00,3472.006202
2020-07-06 02:05:00+00:00,3557.290542
2020-07-06 02:10:00+00:00,3631.966512
2020-07-06 02:15:00+00:00,3691.025939
2020-07-06 02:20:00+00:00,3741.491495
2020-07-06 02:25:00+00:00,3767.579823
2020-07-06 02:30:00+00:00,3788.865175
2020-07-06 02:35:00+00:00,3826.004262
2020-07-06 02:40:00+00:00,3831.540736
2020-07-06 02:45:00+00:00,3832.298908
2020-07-06 02:50:00+00:00,3837.291459
2020-07-06 02:55:00+00:00,3843.015929
2020-07-06 03:00:00+00:00,3842.62255
2020-07-06 03:05:00+00:00,3834.506317
2020-07-06 03:10:00+00:00,3829.348564
2020-07-06 03:15:00+00:00,3821.744893
2020-07-06 03:20:00+00:00,3809.502559
2020-07-06 03:25:00+00:00,3808.374352
2020-07-06 03:30:00+00:00,3807.814757
2020-07-06 03:35:00+00:00,3793.363876
2020-07-06 03:40:00+00:00,3769.577192
2020-07-06 03:45:00+00:00,3741.055131
2020-07-06 03:50:00+00:00,3713.514182
2020-07-06 03:55:00+00:00,3689.035631
2020-07-06 04:00:00+00:00,3664.208675
2020-07-06 04:05:00+00:00,3640.37634
2020-07-06 04:10:00+00:00,3628.183326
2020-07-06 04:15:00+00:00,3629.934442
2020-07-06 04:20:00+00:00,3641.579379
2020-07-06 04:25:00+00:00,3650.538653
2020-07-06 04:30:00+00:00,3654.266243
2020-07-06 04:35:00+00:00,3654.608815
2020-07-06 04:40:00+00:00,3650.80743
2020-07-06 04:45:00+00:00,3638.764538
2020-07-06 04:50:00+00:00,3620.324993
2020-07-06 04:55:00+00:00,3598.709753
2020-07-06 05:00:00+00:00,3582.140179
2020-07-06 05:05:00+00:00,3569.338924
2020-07-06 05:10:00+00:00,3561.222035
2020-07-06 05:15:00+00:00,3568.055162
2020-07-06 05:20:00+00:00,3575.108755
2020-07-06 05:25:00+00:00,3562.052763
2020-07-06 05:30:00+00:00,3535.879989
2020-07-06 05:35:00+00:00,3510.281207
2020-07-06 05:40:00+00:00,3491.852883
2020-07-06 05:45:00+00:00,3474.850345
2020-07-06 05:50:00+00:00,3450.943674
2020-07-06 05:55:00+00:00,3435.228585
2020-07-06 06:00:00+00:00,3410.894469
2020-07-06 06:05:00+00:00,3386.608841
2020-07-06 06:10:00+00:00,3366.76026
2020-07-06 06:15:00+00:00,3348.513485
2020-07-06 06:20:00+00:00,3320.160845
2020-07-06 06:25:00+00:00,3296.744361
2020-07-06 06:30:00+00:00,3287.415625
2020-07-06 06:35:00+00:00,3276.992604
2020-07-06 06:40:00+00:00,3259.36896
2020-07-06 06:45:00+00:00,3225.927213
2020-07-06 06:50:00+00:00,3189.146817
2020-07-06 06:55:00+00:00,3159.551293
2020-07-06 07:00:00+00:00,3139.438734
2020-07-06 07:05:00+00:00,3130.725107
2020-07-06 07:10:00+00:00,3123.285477
2020-07-06 07:15:00+00:00,3112.506998
2020-07-06 07:20:00+00:00,3087.684658
2020-07-06 07:25:00+00:00,3056.482434
2020-07-06 07:30:00+00:00,3015.026048
2020-07-06 07:35:00+00:00,2942.469896
2020-07-06 07:40:00+00:00,2873.944439
2020-07-06 07:45:00+00:00,2814.942307
2020-07-06 07:50:00+00:00,2748.945351
2020-07-06 07:55:00+00:00,2692.51136
2020-07-06 08:00:00+00:00,2644.777002
2020-07-06 08:05:00+00:00,2599.670352
2020-07-06 08:10:00+00:00,2556.482429
2020-07-06 08:15:00+00:00,2515.74931
2020-07-06 08:20:00+00:00,2475.367704
2020-07-06 08:25:00+00:00,2424.845938
2020-07-06 08:30:00+00:00,2382.301244
2020-07-06 08:35:00+00:00,2342.695182
2020-07-06 08:40:00+00:00,2297.867642
2020-07-06 08:45:00+00:00,2252.172461
2020-07-06 08:50:00+00:00,2196.624071
2020-07-06 08:55:00+00:00,2143.969348
2020-07-06 09:00:00+00:00,2096.784918
2020-07-06 09:05:00+00:00,2064.544893
2020-07-06 09:10:00+00:00,2045.424954
2020-07-06 09:15:00+00:00,2026.774202
2020-07-06 09:20:00+00:00,2002.942923
2020-07-06 09:25:00+00:00,1987.406122
2020-07-06 09:30:00+00:00,1977.663716
2020-07-06 09:35:00+00:00,1964.773702
2020-07-06 09:40:00+00:00,1938.448162
2020-07-06 09:45:00+00:00,1909.864717
2020-07-06 09:50:00+00:00,1888.823184
2020-07-06 09:55:00+00:00,1869.852408
2020-07-06 10:00:00+00:00,1845.035061
2020-07-06 10:05:00+00:00,1812.362769
2020-07-06 10:10:00+00:00,1769.393194
2020-07-06 10:15:00+00:00,1742.527338
2020-07-06 10:20:00+00:00,1733.719401
2020-07-06 10:25:00+00:00,1734.106476
2020-07-06 10:30:00+00:00,1730.727473
2020-07-06 10:35:00+00:00,1701.577653
2020-07-06 10:40:00+00:00,1666.424639
2020-07-06 10:45:00+00:00,1635.352741
2020-07-06 10:50:00+00:00,1605.357589
2020-07-06 10:55:00+00:00,1575.864301
2020-07-06 11:00:00+00:00,1549.986592
2020-07-06 11:05:00+00:00,1529.524766
2020-07-06 11:10:00+00:00,1514.78404
2020-07-06 11:15:00+00:00,1500.605299
2020-07-06 11:20:00+00:00,1480.61684
2020-07-06 11:25:00+00:00,1436.740147
2020-07-06 11:30:00+00:00,1387.088826
2020-07-06 11:35:00+00:00,1343.954421
2020-07-06 11:40:00+00:00,1313.812937
2020-07-06 11:45:00+00:00,1296.546051
2020-07-06 11:50:00+00:00,1281.312129
2020-07-06 11:55:00+00:00,1262.645769
2020-07-06 12:00:00+00:00,1242.715285
2020-07-06 12:05:00+00:00,1232.087868
2020-07-06 12:10:00+00:00,1222.420355
2020-07-06 12:15:00+00:00,1215.403667
2020-07-06 12:20:00+00:00,1216.09006
2020-07-06 12:25:00+00:00,1229.058144
2020-07-06 12:30:00+00:00,1245.281205
2020-07-06 12:35:00+00:00,1250.783475
2020-07-06 12:40:00+00:00,1250.938435
2020-07-06 12:45:00+00:00,1231.640799
2020-07-06 12:50:00+00:00,1245.64444
2020-07-06 12:55:00+00:00,1229.805627
2020-07-06 13:00:00+00:00,1231.986745
2020-07-06 13:05:00+00:00,1218.071598
2020-07-06 13:10:00+00:00,1229.952508
2020-07-06 13:15:00+00:00,1264.123456
2020-07-06 13:20:00+00:00,1266.904917
2020-07-06 13:25:00+00:00,1224.617204
2020-07-06 13:30:00+00:00,1179.025523
2020-07-06 13:35:00+00:00,1128.013137
2020-07-06 13:40:00+00:00,1100.722269
2020-07-06 13:45:00+00:00,1061.593364
2020-07-06 13:50:00+00:00,974.1789369
2020-07-06 13:55:00+00:00,907.3271072
2020-07-06 14:00:00+00:00,875.0228807
2020-07-06 14:05:00+00:00,836.3033905
2020-07-06 14:10:00+00:00,796.9071501
2020-07-06 14:15:00+00:00,761.2497056
2020-07-06 14:20:00+00:00,720.8957165
2020-07-06 14:25:00+00:00,681.4997658
2020-07-06 14:30:00+00:00,652.5098868
2020-07-06 14:35:00+00:00,626.1104173
2020-07-06 14:40:00+00:00,614.4828278
2020-07-06 14:45:00+00:00,618.1942858
2020-07-06 14:50:00+00:00,612.7786356
2020-07-06 14:55:00+00:00,616.6129786
2020-07-06 15:00:00+00:00,618.9185263
2020-07-06 15:05:00+00:00,605.9719475
2020-07-06 15:10:00+00:00,572.1981395
2020-07-06 15:15:00+00:00,536.9114524
2020-07-06 15:20:00+00:00,505.5405207
2020-07-06 15:25:00+00:00,479.1103621
2020-07-06 15:30:00+00:00,454.7726563
2020-07-06 15:35:00+00:00,433.8758781
2020-07-06 15:40:00+00:00,419.7265768
2020-07-06 15:45:00+00:00,409.934623
2020-07-06 15:50:00+00:00,398.5542731
2020-07-06 15:55:00+00:00,381.9329901
2020-07-06 16:00:00+00:00,366.8124788
2020-07-06 16:05:00+00:00,354.6301963
2020-07-06 16:10:00+00:00,345.2327912
2020-07-06 16:15:00+00:00,343.2197473
2020-07-06 16:20:00+00:00,345.7915136
2020-07-06 16:25:00+00:00,350.6423904
2020-07-06 16:30:00+00:00,356.9251804
2020-07-06 16:35:00+00:00,365.4629325
2020-07-06 16:40:00+00:00,377.0417543
2020-07-06 16:45:00+00:00,383.1156325
2020-07-06 16:50:00+00:00,375.0280782
2020-07-06 16:55:00+00:00,361.5813533
2020-07-06 17:00:00+00:00,352.2491881
2020-07-06 17:05:00+00:00,353.9605055
2020-07-06 17:10:00+00:00,363.1025975
2020-07-06 17:15:00+00:00,372.3906572
2020-07-06 17:20:00+00:00,380.7355034
2020-07-06 17:25:00+00:00,394.0391461
2020-07-06 17:30:00+00:00,411.3386068
2020-07-06 17:35:00+00:00,425.6431232
2020-07-06 17:40:00+00:00,439.5420875
2020-07-06 17:45:00+00:00,458.7416102
2020-07-06 17:50:00+00:00,480.352797
2020-07-06 17:55:00+00:00,502.4606611
2020-07-06 18:00:00+00:00,531.9241197
2020-07-06 18:05:00+00:00,569.9236537
2020-07-06 18:10:00+00:00,597.6444069
2020-07-06 18:15:00+00:00,610.1854462
2020-07-06 18:20:00+00:00,624.3557093
2020-07-06 18:25:00+00:00,665.8444882
2020-07-06 18:30:00+00:00,720.7352774
2020-07-06 18:35:00+00:00,750.1012267
2020-07-06 18:40:00+00:00,763.2692271
2020-07-06 18:45:00+00:00,771.4733016
2020-07-06 18:50:00+00:00,773.4218315
2020-07-06 18:55:00+00:00,776.7713267
2020-07-06 19:00:00+00:00,791.6062024
2020-07-06 19:05:00+00:00,814.0952652
2020-07-06 19:10:00+00:00,826.9537332
2020-07-06 19:15:00+00:00,837.4068015
2020-07-06 19:20:00+00:00,856.1185299
2020-07-06 19:25:00+00:00,881.2993692
2020-07-06 19:30:00+00:00,913.96132
2020-07-06 19:35:00+00:00,954.0109329
2020-07-06 19:40:00+00:00,997.9494474
2020-07-06 19:45:00+00:00,1044.210637
2020-07-06 19:50:00+00:00,1089.805293
2020-07-06 19:55:00+00:00,1133.904714
2020-07-06 20:00:00+00:00,1180.222428
2020-07-06 20:05:00+00:00,1232.532407
2020-07-06 20:10:00+00:00,1286.516698
2020-07-06 20:15:00+00:00,1347.801003
2020-07-06 20:20:00+00:00,1408.003521
2020-07-06 20:25:00+00:00,1461.071571
2020-07-06 20:30:00+00:00,1511.8603
2020-07-06 20:35:00+00:00,1557.752568
2020-07-06 20:40:00+00:00,1595.435631
2020-07-06 20:45:00+00:00,1627.396895
2020-07-06 20:50:00+00:00,1659.951856
2020-07-06 20:55:00+00:00,1687.936463
2020-07-06 21:00:00+00:00,1718.388989
2020-07-06 21:05:00+00:00,1749.447294
2020-07-06 21:10:00+00:00,1779.786991
2020-07-06 21:15:00+00:00,1813.560136
2020-07-06 21:20:00+00:00,1851.936765
2020-07-06 21:25:00+00:00,1890.883866
2020-07-06 21:30:00+00:00,1928.983081
2020-07-06 21:35:00+00:00,1965.995454
2020-07-06 21:40:00+00:00,1990.152259
2020-07-06 21:45:00+00:00,2001.757847
2020-07-06 21:50:00+00:00,2017.331425
2020-07-06 21:55:00+00:00,2042.132493
2020-07-06 22:00:00+00:00,2065.21203
2020-07-06 22:05:00+00:00,2085.598181
2020-07-06 22:10:00+00:00,2101.934768
2020-07-06 22:15:00+00:00,2116.271065
2020-07-06 22:20:00+00:00,2141.947916
2020-07-06 22:25:00+00:00,2170.019112
2020-07-06 22:30:00+00:00,2197.769757
2020-07-06 22:35:00+00:00,2237.068475
2020-07-06 22:40:00+00:00,2284.324738
2020-07-06 22:45:00+00:00,2330.764828
2020-07-06 22:50:00+00:00,2379.86754
2020-07-06 22:55:00+00:00,2428.693924
2020-07-06 23:00:00+00:00,2485.196483
2020-07-06 23:05:00+00:00,2547.831938
2020-07-06 23:10:00+00:00,2606.995603
2020-07-06 23:15:00+00:00,2666.337318
2020-07-06 23:20:00+00:00,2734.564339
2020-07-06 23:25:00+00:00,2810.478079
2020-07-06 23:30:00+00:00,2894.298856
2020-07-06 23:35:00+00:00,2982.042407
2020-07-06 23:40:00+00:00,3054.269666
2020-07-06 23:45:00+00:00,3099.794526
2020-07-06 23:50:00+00:00,3135.689128
2020-07-06 23:55:00+00:00,3188.523762
2020-07-07 00:00:00+00:00,3242.594603
2020-07-07 00:05:00+00:00,3301.073641
2020-07-07 00:10:00+00:00,3367.770591
2020-07-07 00:15:00+00:00,3428.704606
2020-07-07 00:20:00+00:00,3473.476691
2020-07-07 00:25:00+00:00,3497.45001
2020-07-07 00:30:00+00:00,3516.832496
2020-07-07 00:35:00+00:00,3549.897199
2020-07-07 00:40:00+00:00,3597.729739
2020-07-07 00:45:00+00:00,3638.547746
2020-07-07 00:50:00+00:00,3691.78915
2020-07-07 00:55:00+00:00,3732.942831
2020-07-07 01:00:00+00:00,3768.974755
2020-07-07 01:05:00+00:00,3806.397625
2020-07-07 01:10:00+00:00,3834.064483
2020-07-07 01:15:00+00:00,3855.612183
2020-07-07 01:20:00+00:00,3883.748612
2020-07-07 01:25:00+00:00,3928.934712
2020-07-07 01:30:00+00:00,3973.646938
2020-07-07 01:35:00+00:00,3997.624149
2020-07-07 01:40:00+00:00,4020.06382
2020-07-07 01:45:00+00:00,4027.49598
2020-07-07 01:50:00+00:00,4032.060918
2020-07-07 01:55:00+00:00,4026.20604
2020-07-07 02:00:00+00:00,4017.668506
2020-07-07 02:05:00+00:00,4030.711203
2020-07-07 02:10:00+00:00,4041.376975
2020-07-07 02:15:00+00:00,4062.514012
2020-07-07 02:20:00+00:00,4091.625922
2020-07-07 02:25:00+00:00,4119.038391
2020-07-07 02:30:00+00:00,4144.995817
2020-07-07 02:35:00+00:00,4184.152993
2020-07-07 02:40:00+00:00,4209.855737
2020-07-07 02:45:00+00:00,4225.57835
2020-07-07 02:50:00+00:00,4244.378264
2020-07-07 02:55:00+00:00,4254.612672
2020-07-07 03:00:00+00:00,4266.186784
2020-07-07 03:05:00+00:00,4277.792374
2020-07-07 03:10:00+00:00,4288.914462
2020-07-07 03:15:00+00:00,4289.035371
2020-07-07 03:20:00+00:00,4275.396785
2020-07-07 03:25:00+00:00,4250.392929
2020-07-07 03:30:00+00:00,4234.84868
2020-07-07 03:35:00+00:00,4232.967972
2020-07-07 03:40:00+00:00,4230.199937
2020-07-07 03:45:00+00:00,4218.497931
2020-07-07 03:50:00+00:00,4196.423562
2020-07-07 03:55:00+00:00,4166.908032
2020-07-07 04:00:00+00:00,4144.423467
2020-07-07 04:05:00+00:00,4126.202987
2020-07-07 04:10:00+00:00,4117.084149
2020-07-07 04:15:00+00:00,4106.549805
2020-07-07 04:20:00+00:00,4086.669859
2020-07-07 04:25:00+00:00,4073.130842
2020-07-07 04:30:00+00:00,4053.635573
2020-07-07 04:35:00+00:00,4031.695463
2020-07-07 04:40:00+00:00,4028.725168
2020-07-07 04:45:00+00:00,4026.531355
2020-07-07 04:50:00+00:00,4005.79712
2020-07-07 04:55:00+00:00,3988.492703
2020-07-07 05:00:00+00:00,3991.37656
2020-07-07 05:05:00+00:00,3998.014192
2020-07-07 05:10:00+00:00,4001.273916
2020-07-07 05:15:00+00:00,3991.284596
2020-07-07 05:20:00+00:00,3958.085807
2020-07-07 05:25:00+00:00,3908.066071
2020-07-07 05:30:00+00:00,3867.586367
2020-07-07 05:35:00+00:00,3845.465666
2020-07-07 05:40:00+00:00,3819.637525
2020-07-07 05:45:00+00:00,3787.403672
2020-07-07 05:50:00+00:00,3736.069978
2020-07-07 05:55:00+00:00,3692.006105
2020-07-07 06:00:00+00:00,3674.982845
2020-07-07 06:05:00+00:00,3661.338538
2020-07-07 06:10:00+00:00,3632.940948
2020-07-07 06:15:00+00:00,3600.884249
2020-07-07 06:20:00+00:00,3549.046729
2020-07-07 06:25:00+00:00,3480.931112
2020-07-07 06:30:00+00:00,3431.281463
2020-07-07 06:35:00+00:00,3383.678293
2020-07-07 06:40:00+00:00,3326.609176
2020-07-07 06:45:00+00:00,3273.12234
2020-07-07 06:50:00+00:00,3243.417281
2020-07-07 06:55:00+00:00,3231.138771
2020-07-07 07:00:00+00:00,3190.193048
2020-07-07 07:05:00+00:00,3165.33096
2020-07-07 07:10:00+00:00,3166.306865
2020-07-07 07:15:00+00:00,3159.450308
2020-07-07 07:20:00+00:00,3145.666453
2020-07-07 07:25:00+00:00,3145.961787
2020-07-07 07:30:00+00:00,3135.005187
2020-07-07 07:35:00+00:00,3103.284481
2020-07-07 07:40:00+00:00,3079.864616
2020-07-07 07:45:00+00:00,3056.402237
2020-07-07 07:50:00+00:00,3036.578132
2020-07-07 07:55:00+00:00,3007.65192
2020-07-07 08:00:00+00:00,2978.172372
2020-07-07 08:05:00+00:00,2971.680405
2020-07-07 08:10:00+00:00,2966.603684
2020-07-07 08:15:00+00:00,2961.959231
2020-07-07 08:20:00+00:00,2969.55894
2020-07-07 08:25:00+00:00,2963.891086
2020-07-07 08:30:00+00:00,2934.538253
2020-07-07 08:35:00+00:00,2885.566527
2020-07-07 08:40:00+00:00,2834.297799
2020-07-07 08:45:00+00:00,2786.371185
2020-07-07 08:50:00+00:00,2732.184733
2020-07-07 08:55:00+00:00,2694.349733
2020-07-07 09:00:00+00:00,2687.720569
2020-07-07 09:05:00+00:00,2686.081165
2020-07-07 09:10:00+00:00,2683.877821
2020-07-07 09:15:00+00:00,2676.160366
2020-07-07 09:20:00+00:00,2660.173132
2020-07-07 09:25:00+00:00,2633.738982
2020-07-07 09:30:00+00:00,2627.251751
2020-07-07 09:35:00+00:00,2626.005607
2020-07-07 09:40:00+00:00,2612.500444
2020-07-07 09:45:00+00:00,2613.276836
2020-07-07 09:50:00+00:00,2616.994568
2020-07-07 09:55:00+00:00,2622.402185
2020-07-07 10:00:00+00:00,2628.399821
2020-07-07 10:05:00+00:00,2625.032091
2020-07-07 10:10:00+00:00,2601.578286
2020-07-07 10:15:00+00:00,2575.146003
2020-07-07 10:20:00+00:00,2556.346378
2020-07-07 10:25:00+00:00,2544.061906
2020-07-07 10:30:00+00:00,2520.305949
2020-07-07 10:35:00+00:00,2484.302217
2020-07-07 10:40:00+00:00,2439.278578
2020-07-07 10:45:00+00:00,2409.008423
2020-07-07 10:50:00+00:00,2374.450161
2020-07-07 10:55:00+00:00,2328.567968
2020-07-07 11:00:00+00:00,2296.435611
2020-07-07 11:05:00+00:00,2278.485483
2020-07-07 11:10:00+00:00,2267.361759
2020-07-07 11:15:00+00:00,2244.908359
2020-07-07 11:20:00+00:00,2214.909834
2020-07-07 11:25:00+00:00,2179.472761
2020-07-07 11:30:00+00:00,2141.044306
2020-07-07 11:35:00+00:00,2108.97821
2020-07-07 11:40:00+00:00,2090.313878
2020-07-07 11:45:00+00:00,2076.946633
2020-07-07 11:50:00+00:00,2070.625525
2020-07-07 11:55:00+00:00,2047.344972
2020-07-07 12:00:00+00:00,2017.876965
2020-07-07 12:05:00+00:00,1979.565354
2020-07-07 12:10:00+00:00,1935.675329
2020-07-07 12:15:00+00:00,1887.656546
2020-07-07 12:20:00+00:00,1851.493143
2020-07-07 12:25:00+00:00,1813.754511
2020-07-07 12:30:00+00:00,1776.248836
2020-07-07 12:35:00+00:00,1750.752153
2020-07-07 12:40:00+00:00,1740.610675
2020-07-07 12:45:00+00:00,1765.373674
2020-07-07 12:50:00+00:00,1811.758727
2020-07-07 12:55:00+00:00,1860.833732
2020-07-07 13:00:00+00:00,1896.574873
2020-07-07 13:05:00+00:00,1910.513537
2020-07-07 13:10:00+00:00,1908.087716
2020-07-07 13:15:00+00:00,1910.380781
2020-07-07 13:20:00+00:00,1896.475776
2020-07-07 13:25:00+00:00,1862.853855
2020-07-07 13:30:00+00:00,1829.081118
2020-07-07 13:35:00+00:00,1785.050731
2020-07-07 13:40:00+00:00,1743.930763
2020-07-07 13:45:00+00:00,1705.847683
2020-07-07 13:50:00+00:00,1651.910339
2020-07-07 13:55:00+00:00,1608.107135
2020-07-07 14:00:00+00:00,1577.589687
2020-07-07 14:05:00+00:00,1518.473536
2020-07-07 14:10:00+00:00,1471.61049
2020-07-07 14:15:00+00:00,1422.820067
2020-07-07 14:20:00+00:00,1351.299531
2020-07-07 14:25:00+00:00,1283.030615
2020-07-07 14:30:00+00:00,1224.67243
2020-07-07 14:35:00+00:00,1161.749747
2020-07-07 14:40:00+00:00,1122.013184
2020-07-07 14:45:00+00:00,1083.27324
2020-07-07 14:50:00+00:00,1027.919378
2020-07-07 14:55:00+00:00,981.3462868
2020-07-07 15:00:00+00:00,934.8543611
2020-07-07 15:05:00+00:00,885.7364311
2020-07-07 15:10:00+00:00,851.0049487
2020-07-07 15:15:00+00:00,834.6533253
2020-07-07 15:20:00+00:00,825.046701
2020-07-07 15:25:00+00:00,814.8548883
2020-07-07 15:30:00+00:00,814.5724431
2020-07-07 15:35:00+00:00,818.0588936
2020-07-07 15:40:00+00:00,813.4680856
2020-07-07 15:45:00+00:00,808.5604706
2020-07-07 15:50:00+00:00,813.282779
2020-07-07 15:55:00+00:00,826.8173901
2020-07-07 16:00:00+00:00,831.7981253
2020-07-07 16:05:00+00:00,827.8374691
2020-07-07 16:10:00+00:00,822.2983356
2020-07-07 16:15:00+00:00,817.6703904
2020-07-07 16:20:00+00:00,819.3663755
2020-07-07 16:25:00+00:00,830.8021865
2020-07-07 16:30:00+00:00,851.1688262
2020-07-07 16:35:00+00:00,868.9175207
2020-07-07 16:40:00+00:00,879.9459795
2020-07-07 16:45:00+00:00,892.6638737
2020-07-07 16:50:00+00:00,908.521138
2020-07-07 16:55:00+00:00,923.6499339
2020-07-07 17:00:00+00:00,937.0710298
2020-07-07 17:05:00+00:00,950.1554865
2020-07-07 17:10:00+00:00,969.5895016
2020-07-07 17:15:00+00:00,994.5835513
2020-07-07 17:20:00+00:00,1021.226926
2020-07-07 17:25:00+00:00,1047.957934
2020-07-07 17:30:00+00:00,1070.731339
2020-07-07 17:35:00+00:00,1098.449547
2020-07-07 17:40:00+00:00,1134.863291
2020-07-07 17:45:00+00:00,1168.565563
2020-07-07 17:50:00+00:00,1192.01796
2020-07-07 17:55:00+00:00,1212.914687
2020-07-07 18:00:00+00:00,1236.173588
2020-07-07 18:05:00+00:00,1265.64874
2020-07-07 18:10:00+00:00,1300.213095
2020-07-07 18:15:00+00:00,1336.038051
2020-07-07 18:20:00+00:00,1369.833242
2020-07-07 18:25:00+00:00,1401.639889
2020-07-07 18:30:00+00:00,1434.495547
2020-07-07 18:35:00+00:00,1473.483486
2020-07-07 18:40:00+00:00,1530.424541
2020-07-07 18:45:00+00:00,1603.237943
2020-07-07 18:50:00+00:00,1680.3543
2020-07-07 18:55:00+00:00,1752.285143
2020-07-07 19:00:00+00:00,1811.396588
2020-07-07 19:05:00+00:00,1860.218402
2020-07-07 19:10:00+00:00,1908.832097
2020-07-07 19:15:00+00:00,1962.725326
2020-07-07 19:20:00+00:00,2016.637581
2020-07-07 19:25:00+00:00,2075.71788
2020-07-07 19:30:00+00:00,2138.989926
2020-07-07 19:35:00+00:00,2199.123229
2020-07-07 19:40:00+00:00,2248.147466
2020-07-07 19:45:00+00:00,2282.573424
2020-07-07 19:50:00+00:00,2313.348797
2020-07-07 19:55:00+00:00,2349.06703
2020-07-07 20:00:00+00:00,2387.642146
2020-07-07 20:05:00+00:00,2422.070974
2020-07-07 20:10:00+00:00,2446.410414
2020-07-07 20:15:00+00:00,2472.794431
2020-07-07 20:20:00+00:00,2501.735354
2020-07-07 20:25:00+00:00,2531.298981
2020-07-07 20:30:00+00:00,2563.612829
2020-07-07 20:35:00+00:00,2604.568221
2020-07-07 20:40:00+00:00,2657.502753
2020-07-07 20:45:00+00:00,2707.365346
2020-07-07 20:50:00+00:00,2762.313644
2020-07-07 20:55:00+00:00,2826.775079
2020-07-07 21:00:00+00:00,2892.159549
2020-07-07 21:05:00+00:00,2957.599525
2020-07-07 21:10:00+00:00,3018.182446
2020-07-07 21:15:00+00:00,3071.312628
2020-07-07 21:20:00+00:00,3127.735231
2020-07-07 21:25:00+00:00,3193.721008
2020-07-07 21:30:00+00:00,3262.791287
2020-07-07 21:35:00+00:00,3324.687689
2020-07-07 21:40:00+00:00,3372.814458
2020-07-07 21:45:00+00:00,3408.398121
2020-07-07 21:50:00+00:00,3448.028843
2020-07-07 21:55:00+00:00,3492.378051
2020-07-07 22:00:00+00:00,3537.30192
2020-07-07 22:05:00+00:00,3583.563528
2020-07-07 22:10:00+00:00,3630.935822
2020-07-07 22:15:00+00:00,3670.714133
2020-07-07 22:20:00+00:00,3708.783805
2020-07-07 22:25:00+00:00,3749.787038
2020-07-07 22:30:00+00:00,3790.490764
2020-07-07 22:35:00+00:00,3832.856555
2020-07-07 22:40:00+00:00,3872.292703
2020-07-07 22:45:00+00:00,3902.052977
2020-07-07 22:50:00+00:00,3923.840968
2020-07-07 22:55:00+00:00,3940.633693
2020-07-07 23:00:00+00:00,3958.328702
2020-07-07 23:05:00+00:00,3988.358186
2020-07-07 23:10:00+00:00,4025.93895
2020-07-07 23:15:00+00:00,4062.376811
2020-07-07 23:20:00+00:00,4096.260034
2020-07-07 23:25:00+00:00,4126.162705
2020-07-07 23:30:00+00:00,4153.753506
2020-07-07 23:35:00+00:00,4178.595626
2020-07-07 23:40:00+00:00,4197.461879
2020-07-07 23:45:00+00:00,4209.545538
2020-07-07 23:50:00+00:00,4223.537511
2020-07-07 23:55:00+00:00,4229.150948
2020-07-08 00:00:00+00:00,4224.473165
2020-07-08 00:05:00+00:00,4225.04192
2020-07-08 00:10:00+00:00,4230.363737
2020-07-08 00:15:00+00:00,4230.978458
2020-07-08 00:20:00+00:00,4229.958522
2020-07-08 00:25:00+00:00,4232.684762
2020-07-08 00:30:00+00:00,4244.872692
2020-07-08 00:35:00+00:00,4266.602668
2020-07-08 00:40:00+00:00,4284.771265
2020-07-08 00:45:00+00:00,4289.879599
2020-07-08 00:50:00+00:00,4294.329213
2020-07-08 00:55:00+00:00,4301.015318
2020-07-08 01:00:00+00:00,4303.742367
2020-07-08 01:05:00+00:00,4299.504746
2020-07-08 01:10:00+00:00,4299.27751
2020-07-08 01:15:00+00:00,4298.305776
2020-07-08 01:20:00+00:00,4291.436805
2020-07-08 01:25:00+00:00,4290.0908
2020-07-08 01:30:00+00:00,4289.464085
2020-07-08 01:35:00+00:00,4290.088423
2020-07-08 01:40:00+00:00,4286.368307
2020-07-08 01:45:00+00:00,4278.106669
2020-07-08 01:50:00+00:00,4260.115354
2020-07-08 01:55:00+00:00,4242.981641
2020-07-08 02:00:00+00:00,4230.428326
2020-07-08 02:05:00+00:00,4236.873857
2020-07-08 02:10:00+00:00,4235.32171
2020-07-08 02:15:00+00:00,4233.277003
2020-07-08 02:20:00+00:00,4246.178919
2020-07-08 02:25:00+00:00,4248.784385
2020-07-08 02:30:00+00:00,4254.451888
2020-07-08 02:35:00+00:00,4275.028739
2020-07-08 02:40:00+00:00,4278.668545
2020-07-08 02:45:00+00:00,4275.356411
2020-07-08 02:50:00+00:00,4298.600998
2020-07-08 02:55:00+00:00,4335.78583
2020-07-08 03:00:00+00:00,4368.457892
2020-07-08 03:05:00+00:00,4393.307644
2020-07-08 03:10:00+00:00,4408.115929
2020-07-08 03:15:00+00:00,4425.215467
2020-07-08 03:20:00+00:00,4437.834039
2020-07-08 03:25:00+00:00,4441.252781
2020-07-08 03:30:00+00:00,4436.146119
2020-07-08 03:35:00+00:00,4429.823748
2020-07-08 03:40:00+00:00,4433.888271
2020-07-08 03:45:00+00:00,4440.855462
2020-07-08 03:50:00+00:00,4445.99248
2020-07-08 03:55:00+00:00,4449.602542
2020-07-08 04:00:00+00:00,4450.754841
2020-07-08 04:05:00+00:00,4443.315037
2020-07-08 04:10:00+00:00,4429.451372
2020-07-08 04:15:00+00:00,4408.863171
2020-07-08 04:20:00+00:00,4386.78613
2020-07-08 04:25:00+00:00,4369.616354
2020-07-08 04:30:00+00:00,4354.140829
2020-07-08 04:35:00+00:00,4327.847529
2020-07-08 04:40:00+00:00,4292.069737
2020-07-08 04:45:00+00:00,4255.225779
2020-07-08 04:50:00+00:00,4230.380175
2020-07-08 04:55:00+00:00,4219.939732
2020-07-08 05:00:00+00:00,4208.386976
2020-07-08 05:05:00+00:00,4193.636377
2020-07-08 05:10:00+00:00,4176.922
2020-07-08 05:15:00+00:00,4152.936317
2020-07-08 05:20:00+00:00,4116.88744
2020-07-08 05:25:00+00:00,4078.491523
2020-07-08 05:30:00+00:00,4029.306265
2020-07-08 05:35:00+00:00,3983.436282
2020-07-08 05:40:00+00:00,3957.533047
2020-07-08 05:45:00+00:00,3935.837698
2020-07-08 05:50:00+00:00,3908.538874
2020-07-08 05:55:00+00:00,3880.976803
2020-07-08 06:00:00+00:00,3850.905286
2020-07-08 06:05:00+00:00,3820.351353
2020-07-08 06:10:00+00:00,3790.319228
2020-07-08 06:15:00+00:00,3749.548059
2020-07-08 06:20:00+00:00,3697.540504
2020-07-08 06:25:00+00:00,3652.623714
2020-07-08 06:30:00+00:00,3622.84462
2020-07-08 06:35:00+00:00,3600.805259
2020-07-08 06:40:00+00:00,3583.567845
2020-07-08 06:45:00+00:00,3563.926005
2020-07-08 06:50:00+00:00,3552.238425
2020-07-08 06:55:00+00:00,3547.068553
2020-07-08 07:00:00+00:00,3543.611997
2020-07-08 07:05:00+00:00,3526.115613
2020-07-08 07:10:00+00:00,3501.301378
2020-07-08 07:15:00+00:00,3466.218614
2020-07-08 07:20:00+00:00,3436.846153
2020-07-08 07:25:00+00:00,3404.522223
2020-07-08 07:30:00+00:00,3374.372782
2020-07-08 07:35:00+00:00,3354.03325
2020-07-08 07:40:00+00:00,3336.062128
2020-07-08 07:45:00+00:00,3305.022732
2020-07-08 07:50:00+00:00,3268.549447
2020-07-08 07:55:00+00:00,3246.424774
2020-07-08 08:00:00+00:00,3250.608282
2020-07-08 08:05:00+00:00,3271.318132
2020-07-08 08:10:00+00:00,3288.666272
2020-07-08 08:15:00+00:00,3305.839526
2020-07-08 08:20:00+00:00,3324.940281
2020-07-08 08:25:00+00:00,3336.684604
2020-07-08 08:30:00+00:00,3331.246279
2020-07-08 08:35:00+00:00,3312.9974
2020-07-08 08:40:00+00:00,3278.765045
2020-07-08 08:45:00+00:00,3219.533625
2020-07-08 08:50:00+00:00,3156.383106
2020-07-08 08:55:00+00:00,3081.880562
2020-07-08 09:00:00+00:00,3030.639725
2020-07-08 09:05:00+00:00,3009.69922
2020-07-08 09:10:00+00:00,2964.063304
2020-07-08 09:15:00+00:00,2945.139075
2020-07-08 09:20:00+00:00,2935.449059
2020-07-08 09:25:00+00:00,2927.582211
2020-07-08 09:30:00+00:00,2906.982278
2020-07-08 09:35:00+00:00,2873.916131
2020-07-08 09:40:00+00:00,2838.054149
2020-07-08 09:45:00+00:00,2820.637141
2020-07-08 09:50:00+00:00,2797.875912
2020-07-08 09:55:00+00:00,2738.185944
2020-07-08 10:00:00+00:00,2647.181225
2020-07-08 10:05:00+00:00,2567.184586
2020-07-08 10:10:00+00:00,2503.220979
2020-07-08 10:15:00+00:00,2469.775276
2020-07-08 10:20:00+00:00,2452.724877
2020-07-08 10:25:00+00:00,2446.276927
2020-07-08 10:30:00+00:00,2445.043638
2020-07-08 10:35:00+00:00,2447.094096
2020-07-08 10:40:00+00:00,2442.540046
2020-07-08 10:45:00+00:00,2430.914068
2020-07-08 10:50:00+00:00,2415.272936
2020-07-08 10:55:00+00:00,2383.259328
2020-07-08 11:00:00+00:00,2333.916844
2020-07-08 11:05:00+00:00,2280.672407
2020-07-08 11:10:00+00:00,2229.556804
2020-07-08 11:15:00+00:00,2181.97681
2020-07-08 11:20:00+00:00,2143.396401
2020-07-08 11:25:00+00:00,2113.935859
2020-07-08 11:30:00+00:00,2093.221797
2020-07-08 11:35:00+00:00,2075.31759
2020-07-08 11:40:00+00:00,2064.268292
2020-07-08 11:45:00+00:00,2054.894779
2020-07-08 11:50:00+00:00,2052.893454
2020-07-08 11:55:00+00:00,2055.06686
2020-07-08 12:00:00+00:00,2056.908279
2020-07-08 12:05:00+00:00,2057.489098
2020-07-08 12:10:00+00:00,2058.242227
2020-07-08 12:15:00+00:00,2063.231936
2020-07-08 12:20:00+00:00,2063.104748
2020-07-08 12:25:00+00:00,2055.514979
2020-07-08 12:30:00+00:00,2051.482617
2020-07-08 12:35:00+00:00,2050.390331
2020-07-08 12:40:00+00:00,2042.790305
2020-07-08 12:45:00+00:00,2039.20716
2020-07-08 12:50:00+00:00,2036.342371
2020-07-08 12:55:00+00:00,2019.227646
2020-07-08 13:00:00+00:00,1999.281205
2020-07-08 13:05:00+00:00,1974.370036
2020-07-08 13:10:00+00:00,1953.783017
2020-07-08 13:15:00+00:00,1927.190551
2020-07-08 13:20:00+00:00,1875.648049
2020-07-08 13:25:00+00:00,1825.428609
2020-07-08 13:30:00+00:00,1780.513169
2020-07-08 13:35:00+00:00,1733.207498
2020-07-08 13:40:00+00:00,1705.958621
2020-07-08 13:45:00+00:00,1684.09878
2020-07-08 13:50:00+00:00,1638.678315
2020-07-08 13:55:00+00:00,1602.153746
2020-07-08 14:00:00+00:00,1573.040345
2020-07-08 14:05:00+00:00,1523.052503
2020-07-08 14:10:00+00:00,1472.897476
2020-07-08 14:15:00+00:00,1431.163147
2020-07-08 14:20:00+00:00,1393.990411
2020-07-08 14:25:00+00:00,1367.165038
2020-07-08 14:30:00+00:00,1336.287712
2020-07-08 14:35:00+00:00,1288.099203
2020-07-08 14:40:00+00:00,1270.721756
2020-07-08 14:45:00+00:00,1273.035205
2020-07-08 14:50:00+00:00,1270.670592
2020-07-08 14:55:00+00:00,1276.322517
2020-07-08 15:00:00+00:00,1278.787107
2020-07-08 15:05:00+00:00,1274.839593
2020-07-08 15:10:00+00:00,1269.135487
2020-07-08 15:15:00+00:00,1258.510403
2020-07-08 15:20:00+00:00,1247.210185
2020-07-08 15:25:00+00:00,1230.652535
2020-07-08 15:30:00+00:00,1204.537729
2020-07-08 15:35:00+00:00,1176.736355
2020-07-08 15:40:00+00:00,1155.716177
2020-07-08 15:45:00+00:00,1143.807508
2020-07-08 15:50:00+00:00,1138.380515
2020-07-08 15:55:00+00:00,1140.679219
2020-07-08 16:00:00+00:00,1150.705229
2020-07-08 16:05:00+00:00,1171.591922
2020-07-08 16:10:00+00:00,1199.252572
2020-07-08 16:15:00+00:00,1220.164441
2020-07-08 16:20:00+00:00,1237.102247
2020-07-08 16:25:00+00:00,1258.315098
2020-07-08 16:30:00+00:00,1279.67887
2020-07-08 16:35:00+00:00,1295.859871
2020-07-08 16:40:00+00:00,1303.862538
2020-07-08 16:45:00+00:00,1301.547196
2020-07-08 16:50:00+00:00,1293.99254
2020-07-08 16:55:00+00:00,1298.90993
2020-07-08 17:00:00+00:00,1305.424168
2020-07-08 17:05:00+00:00,1311.142067
2020-07-08 17:10:00+00:00,1316.743161
2020-07-08 17:15:00+00:00,1322.552972
2020-07-08 17:20:00+00:00,1329.802839
2020-07-08 17:25:00+00:00,1341.938807
2020-07-08 17:30:00+00:00,1355.033565
2020-07-08 17:35:00+00:00,1357.890217
2020-07-08 17:40:00+00:00,1353.377958
2020-07-08 17:45:00+00:00,1344.653945
2020-07-08 17:50:00+00:00,1334.254719
2020-07-08 17:55:00+00:00,1323.207257
2020-07-08 18:00:00+00:00,1314.967452
2020-07-08 18:05:00+00:00,1304.354444
2020-07-08 18:10:00+00:00,1295.36369
2020-07-08 18:15:00+00:00,1292.673339
2020-07-08 18:20:00+00:00,1289.670395
2020-07-08 18:25:00+00:00,1280.084558
2020-07-08 18:30:00+00:00,1277.369572
2020-07-08 18:35:00+00:00,1283.725898
2020-07-08 18:40:00+00:00,1296.228363
2020-07-08 18:45:00+00:00,1310.047105
2020-07-08 18:50:00+00:00,1324.255329
2020-07-08 18:55:00+00:00,1339.818733
2020-07-08 19:00:00+00:00,1356.762438
2020-07-08 19:05:00+00:00,1378.002643
2020-07-08 19:10:00+00:00,1399.06336
2020-07-08 19:15:00+00:00,1420.545762
2020-07-08 19:20:00+00:00,1442.520762
2020-07-08 19:25:00+00:00,1461.601496
2020-07-08 19:30:00+00:00,1481.627604
2020-07-08 19:35:00+00:00,1509.03245
2020-07-08 19:40:00+00:00,1542.75701
2020-07-08 19:45:00+00:00,1573.734283
2020-07-08 19:50:00+00:00,1603.632555
2020-07-08 19:55:00+00:00,1638.049291
2020-07-08 20:00:00+00:00,1686.364019
2020-07-08 20:05:00+00:00,1739.822274
2020-07-08 20:10:00+00:00,1791.03062
2020-07-08 20:15:00+00:00,1845.936025
2020-07-08 20:20:00+00:00,1901.981255
2020-07-08 20:25:00+00:00,1952.763716
2020-07-08 20:30:00+00:00,1999.995724
2020-07-08 20:35:00+00:00,2044.974703
2020-07-08 20:40:00+00:00,2085.616168
2020-07-08 20:45:00+00:00,2118.112923
2020-07-08 20:50:00+00:00,2150.576826
2020-07-08 20:55:00+00:00,2185.342256
2020-07-08 21:00:00+00:00,2222.320502
2020-07-08 21:05:00+00:00,2262.813518
2020-07-08 21:10:00+00:00,2301.836868
2020-07-08 21:15:00+00:00,2332.005352
2020-07-08 21:20:00+00:00,2351.775065
2020-07-08 21:25:00+00:00,2366.32323
2020-07-08 21:30:00+00:00,2378.107563
2020-07-08 21:35:00+00:00,2393.224662
2020-07-08 21:40:00+00:00,2411.769771
2020-07-08 21:45:00+00:00,2427.29075
2020-07-08 21:50:00+00:00,2439.749612
2020-07-08 21:55:00+00:00,2454.594379
2020-07-08 22:00:00+00:00,2469.20323
2020-07-08 22:05:00+00:00,2482.631448
2020-07-08 22:10:00+00:00,2496.546062
2020-07-08 22:15:00+00:00,2511.831863
2020-07-08 22:20:00+00:00,2529.27792
2020-07-08 22:25:00+00:00,2555.282406
2020-07-08 22:30:00+00:00,2588.142792
2020-07-08 22:35:00+00:00,2631.711732
2020-07-08 22:40:00+00:00,2680.567063
2020-07-08 22:45:00+00:00,2732.097353
2020-07-08 22:50:00+00:00,2769.34245
2020-07-08 22:55:00+00:00,2790.518675
2020-07-08 23:00:00+00:00,2811.830082
2020-07-08 23:05:00+00:00,2838.241953
2020-07-08 23:10:00+00:00,2855.466427
2020-07-08 23:15:00+00:00,2868.255104
2020-07-08 23:20:00+00:00,2890.392513
2020-07-08 23:25:00+00:00,2912.460174
2020-07-08 23:30:00+00:00,2923.924612
2020-07-08 23:35:00+00:00,2934.611606
2020-07-08 23:40:00+00:00,2948.406094
2020-07-08 23:45:00+00:00,2969.753686
2020-07-08 23:50:00+00:00,2998.677637
2020-07-08 23:55:00+00:00,3025.055847
2020-07-09 00:00:00+00:00,3053.809909
2020-07-09 00:05:00+00:00,3087.955946
2020-07-09 00:10:00+00:00,3121.030333
2020-07-09 00:15:00+00:00,3160.597318
2020-07-09 00:20:00+00:00,3214.839342
2020-07-09 00:25:00+00:00,3261.930512
2020-07-09 00:30:00+00:00,3301.879148